"project_name","epoch_time_to_remove"
"Camel",14197
"Camel",423699
"Camel",614673
"Camel",16831
"Camel",65563
"Camel",1569040
"Camel",94277
"Camel",1569040
"Camel",14479831
"Camel",1569040
"Camel",235570
"Camel",98126
"Camel",5211122
"Camel",33
"Camel",14197
"Camel",2889229
"Camel",14197
"Camel",4438515
"Camel",4135063
"Camel",4135063
"Camel",1569040
"Camel",79316
"Camel",66052
"Camel",1970930
"Camel",7780619
"Camel",1970930
"Camel",77196216
"Camel",22996
"Camel",4135063
"Camel",1569040
"Camel",172633
"Camel",1569040
"Camel",1569040
"Camel",1569040
"Camel",1569040
"Camel",106061
"Camel",178817295
"Camel",1904849
"Camel",613216
"Camel",1569040
"Camel",1569040
"Camel",1569040
"Camel",1569040
"Camel",1569040
"Camel",14197
"Camel",172633
"Camel",1569040
"Camel",1569040
"Camel",1569040
"Camel",196107
"Camel",1569040
"Camel",1970930
"Camel",1569040
"Camel",1569040
"Camel",4135063
"Camel",4135063
"Camel",1016
"Camel",1569040
"Camel",4135063
"Camel",4135063
"Camel",4135063
"Camel",1569040
"Camel",4135063
"Camel",14197
"Camel",4135063
"Camel",1569040
"Camel",1569040
"Camel",4135063
"Camel",1569040
"Camel",1569040
"Camel",1337
"Camel",4135063
"Camel",1569040
"Camel",1569040
"Camel",1569040
"Camel",1569040
"Camel",1569040
"Camel",4794
"Camel",1569040
"Camel",1569040
"Camel",1569040
"Camel",4135063
"Camel",1569040
"Camel",1970930
"Camel",172633
"Camel",1569040
"Camel",242082
"Camel",1569040
"Camel",1569040
"Camel",205663
"Camel",114757
"Camel",784376
"Camel",205663
"Camel",346120
"Camel",73416
"Camel",1569040
"Camel",1569040
"Camel",1569040
"Camel",532821
"Camel",73530940
"Camel",1569040
"Camel",101391
"Camel",11306268
"Camel",196846
"Camel",11773
"Camel",75048
"Camel",1569040
"Camel",14197
"Camel",1569040
"Camel",1569040
"Camel",1569040
"Camel",1569040
"Camel",1569040
"Camel",1569040
"Camel",1569040
"Camel",1569040
"Camel",1569040
"Camel",1569040
"Camel",1569040
"Camel",1569040
"Camel",1569040
"Camel",1569040
"Camel",1569040
"Camel",1569040
"Camel",1569040
"Camel",1569040
"Camel",1569040
"Camel",1569040
"Camel",1569040
"Camel",1569040
"Camel",1569040
"Camel",1569040
"Camel",1569040
"Camel",14197
"Camel",101406
"Camel",344212
"Camel",4135063
"Camel",1569040
"Camel",5209424
"Camel",5211122
"Camel",5211122
"Camel",1569040
"Camel",28980
"Camel",28980
"Camel",14197
"Camel",14197
"Camel",414438
"Camel",205663
"Camel",1569040
"Camel",1569040
"Camel",4135063
"Camel",4135063
"Camel",1569040
"Camel",4135063
"Camel",65563
"Camel",607167
"Camel",63271
"Camel",2508
"Camel",628277
"Camel",1569040
"Camel",1569040
"Camel",1569040
"Camel",1569040
"Camel",1569040
"Camel",1569040
"Camel",1569040
"Camel",1569040
"Camel",1569040
"Camel",172633
"Camel",1569040
"Camel",85991
"Camel",205663
"Camel",1569040
"Camel",1569040
"Camel",1569040
"Camel",1569040
"Camel",90207
"Camel",4135063
"Camel",241668
"Camel",3121267
"Camel",9791
"Camel",1569040
"Camel",1569040
"Camel",1970930
"Camel",2325
"Camel",1569040
"Camel",18089419
"Camel",1569040
"Camel",98126
"Camel",14197
"Camel",19521364
"Camel",114757
"Camel",18089419
"Camel",1026913
"Camel",82821592
"Camel",205663
"Camel",1569040
"Camel",172633
"Camel",1569040
"Camel",4135063
"Camel",1569040
"Camel",4135063
"Camel",4135063
"Camel",1970930
"Camel",1569040
"Camel",1569040
"Camel",4135063
"Camel",172633
"Camel",94277
"Camel",4135063
"Camel",1569040
"Camel",4135063
"Camel",1569040
"Camel",1569040
"Camel",1569040
"Camel",1569040
"Camel",1569040
"Camel",1248821
"Camel",1569040
"Camel",1196873
"Camel",1569040
"Camel",1569040
"Camel",1569040
"Camel",14197
"Camel",2786733
"Camel",1569040
"Camel",414438
"Camel",1569040
"Camel",3606660
"Camel",1569040
"Camel",172633
"Camel",1970930
"Camel",1569040
"Camel",4135063
"Camel",1569040
"Camel",1569040
"Camel",1569040
"Camel",1569040
"Camel",1569040
"Camel",1569040
"Camel",3721
"Camel",1016
"Camel",1569040
"Camel",2478
"Camel",4135063
"Camel",44788483
"Camel",1196873
"Camel",4135063
"Camel",5211122
"Camel",10429948
"Camel",10438583
"Camel",44788483
"Camel",4508445
"Camel",15222705
"Camel",4135063
"Camel",26866899
"Camel",1569040
"Camel",4135063
"Camel",4947
"Camel",11034
"Camel",10116
"Camel",5499
"Camel",1569040
"Camel",1569040
"Camel",65563
"Camel",65563
"Camel",65563
"Camel",1569040
"Camel",1569040
"Camel",588510
"Camel",63429
"Camel",13104
"Camel",1970930
"Camel",7125
"Camel",18089419
"Camel",4135063
"Camel",258617
"Camel",172633
"Camel",1569040
"Camel",1302988
"Camel",4135063
"Camel",1569040
"Camel",2989
"Camel",172633
"Camel",1569040
"Camel",1569040
"Camel",1569040
"Camel",1569040
"Camel",1569040
"Camel",1569040
"Camel",1569040
"Camel",1569040
"Camel",1569040
"Camel",1569040
"Camel",4135063
"Camel",4135063
"Camel",5211122
"Camel",5211122
"Camel",14197
"Camel",1569040
"Camel",1569040
"Camel",100494
"Camel",1970930
"Camel",1368562
"Camel",1569040
"Camel",63429
"Camel",1965
"Camel",4135063
"Camel",205663
"Camel",1569040
"Camel",407360
"Camel",606017
"Camel",3721
"Camel",4135063
"Camel",592623
"Camel",5436
"Camel",4135063
"Camel",1569040
"Camel",1654890
"Camel",9069
"Camel",1569040
"Camel",73425
"Camel",1569040
"Camel",73563
"Camel",3117
"Camel",4135063
"Camel",1468241
"Camel",1970930
"Camel",104949
"Camel",205663
"Camel",1569040
"Camel",1569040
"Camel",4135063
"Camel",1569040
"Camel",1569040
"Camel",18855729
"Camel",3361655
"Camel",18089419
"Camel",3499
"Camel",114757
"Camel",5211122
"Camel",1569040
"Camel",3652125
"Camel",102447
"Camel",16467
"Camel",1470227
"Camel",3721
"Camel",27421
"Camel",4135063
"Camel",4135063
"Camel",183387
"Camel",1569040
"Camel",101391
"Camel",55292
"Camel",55292
"Camel",1569040
"Camel",55292
"Camel",4135063
"Camel",1569040
"Camel",1569040
"Camel",1569040
"Camel",1569040
"Camel",1569040
"Camel",1569040
"Camel",1569040
"Camel",1569040
"Camel",1569040
"Camel",73416
"Camel",1569040
"Camel",75048
"Camel",407360
"Camel",9658
"Camel",1569040
"Camel",1569040
"Camel",18089419
"Camel",114757
"Camel",2872815
"Camel",1075
"Camel",2872815
"Camel",65563
"Camel",65563
"Camel",65563
"Camel",65563
"Camel",65563
"Camel",2267736
"Camel",1447208
"Camel",65563
"Camel",73416
"Camel",1569040
"Camel",114757
"Camel",3948
"Camel",1569040
"Camel",1569040
"Camel",1569040
"Camel",16831
"Camel",43224880
"Camel",28279230
"Camel",2873227
"Camel",1569040
"Camel",2554
"Camel",117379
"Camel",1569040
"Camel",45694152
"Camel",872516
"Camel",3910266
"Camel",778
"Camel",3910266
"Camel",3911
"Camel",64683
"Camel",626042
"Camel",22171
"Camel",14197
"Camel",205663
"Camel",23312265
"Camel",10793
"Camel",85442
"Camel",5027539
"Camel",227821
"Camel",4135063
"Camel",1569040
"Camel",61138
"Camel",2966
"Camel",5463
"Camel",1569040
"Camel",1569040
"Camel",245535
"Camel",3721
"Camel",3721
"Camel",7780619
"Camel",26069376
"Camel",2550
"Camel",14675
"Camel",241
"Camel",3721
"Camel",3721
"Camel",4123
"Camel",16780
"Camel",3721
"Camel",133313
"Camel",242082
"Camel",3721
"Camel",3721
"Camel",3721
"Camel",1327
"Camel",1569040
"Camel",3776
"Camel",18903
"Camel",1723046
"Camel",104949
"Camel",22995469
"Camel",1569040
"Camel",1569040
"Camel",4135063
"Camel",1569040
"Camel",4135063
"Camel",1015
"Camel",1569040
"Camel",193542
"Camel",260851
"Camel",1569040
"Camel",1569040
"Camel",172633
"Camel",1569040
"Camel",4135063
"Camel",114757
"Camel",74127
"Camel",1569040
"Camel",4135063
"Camel",172633
"Camel",1569040
"Camel",1569040
"Camel",1569040
"Camel",1569040
"Camel",1569040
"Camel",7788617
"Camel",1569040
"Camel",1569040
"Camel",1569040
"Camel",1569040
"Camel",1569040
"Camel",1569040
"Camel",1569040
"Camel",1569040
"Camel",1569040
"Camel",172633
"Camel",1569040
"Camel",1569040
"Camel",1016
"Camel",1569040
"Camel",1569040
"Camel",205663
"Camel",1569040
"Camel",44116
"Camel",1569040
"Camel",1569040
"Camel",1569040
"Camel",1569040
"Camel",1569040
"Camel",153035154
"Camel",183387
"Camel",1569040
"Camel",4135063
"Camel",1569040
"Camel",1569040
"Camel",3721
"Camel",1569040
"Camel",1016
"Camel",4135063
"Camel",4135063
"Camel",1569040
"Camel",17313
"Camel",172633
"Camel",1569040
"Camel",1569040
"Camel",172633
"Camel",1569040
"Camel",94277
"Camel",1569040
"Camel",1569040
"Camel",1569040
"Camel",1569040
"Camel",1569040
"Camel",1569040
"Camel",1569040
"Camel",1569040
"Camel",55292
"Camel",4135063
"Camel",1569040
"Camel",4135063
"Camel",1569040
"Camel",77488
"Camel",1569040
"Camel",1569040
"Camel",1569040
"Camel",1569040
"Camel",1569040
"Camel",1569040
"Camel",1569040
"Camel",1569040
"Camel",128289765
"Camel",4135063
"Camel",8716
"Camel",1569040
"Camel",1569040
"Camel",1569040
"Camel",1569040
"Camel",1569040
"Camel",1569040
"Camel",1569040
"Camel",1569040
"Camel",1569040
"Camel",1569040
"Camel",1569040
"Camel",1569040
"Camel",1569040
"Camel",1569040
"Camel",1569040
"Camel",1569040
"Camel",1569040
"Camel",1569040
"Camel",1569040
"Camel",1569040
"Camel",1569040
"Camel",172633
"Camel",1569040
"Camel",1569040
"Camel",5261194
"Camel",1569040
"Camel",205663
"Camel",4135063
"Camel",1569040
"Camel",4135063
"Camel",18524559
"Camel",4135063
"Camel",1569040
"Camel",1569040
"Camel",895
"Camel",1569040
"Camel",7125
"Camel",1569040
"Camel",770066
"Camel",7090376
"Camel",1569040
"Camel",19521364
"Camel",3241
"Camel",1569040
"Camel",1569040
"Camel",1569040
"Camel",1569040
"Camel",1569040
"Camel",1569040
"Camel",15890989
"Camel",27216119
"Camel",12933191
"Camel",22816274
"Camel",4135063
"Camel",22816274
"Camel",19794563
"Camel",441492
"Camel",1569040
"Camel",1569040
"Camel",1569040
"Camel",1569040
"Camel",1569040
"Camel",114757
"Camel",4135063
"Camel",3705
"Camel",1569040
"Camel",3705
"Camel",423699
"Camel",423699
"Camel",4135063
"Camel",4135063
"Camel",22470533
"Camel",1569040
"Camel",90538
"Camel",335933
"Camel",1569040
"Camel",1569040
"Camel",4135063
"Camel",88455
"Camel",1569040
"Camel",1569040
"Camel",1569040
"Camel",529199
"Camel",529199
"Camel",5211122
"Camel",1569040
"Camel",2689
"Camel",1569040
"Camel",5261194
"Camel",506172
"Camel",56609970
"Camel",363663
"Camel",14197
"Camel",1279280
"Camel",8013256
"Camel",286
"Camel",418366
"Camel",4135063
"Camel",19732
"Camel",510476
"Camel",422926
"Camel",168814
"Camel",1569040
"Camel",3721
"Camel",75980
"Camel",3721
"Camel",3721
"Camel",4135063
"Camel",8013256
"Camel",4135063
"Camel",82821592
"Camel",4757788
"Camel",111866
"Camel",43651704
"Camel",1569040
"Camel",1569040
"Camel",2228
"Camel",168814
"Camel",653992
"Camel",14197
"Camel",598073
"Camel",11818
"Camel",172633
"Camel",1569040
"Camel",1569040
"Camel",18089419
"Camel",1569040
"Camel",1569040
"Camel",4135063
"Camel",164258682
"Camel",4135063
"Camel",205663
"Camel",11773
"Camel",183387
"Camel",75048
"Camel",4135063
"Camel",1569040
"Camel",75038
"Camel",24028737
"Camel",1569040
"Camel",1344476
"Camel",4135063
"Camel",1569040
"Camel",1569040
"Camel",1569040
"Camel",172633
"Camel",172633
"Camel",14197
"Camel",611748
"Camel",32157010
"Camel",4135063
"Camel",173514
"Camel",210680128
"Camel",99898
"Camel",4135063
"Camel",51041
"Camel",172633
"Camel",77915
"Camel",18089419
"Camel",1970930
"Camel",1970930
"Camel",172633
"Camel",1970930
"Camel",10806539
"Camel",4135063
"Camel",4135063
"Camel",35716419
"Camel",16079
"Camel",1811987
"Camel",94277
"Camel",4135063
"Camel",1569040
"Camel",65563
"Camel",14536643
"Camel",14197
"Camel",1569040
"Camel",65563
"Camel",7220
"Camel",1569040
"Camel",1569040
"Camel",1569040
"Camel",3117
"Camel",5209424
"Camel",4135063
"Camel",1569040
"Camel",1970930
"Camel",4135063
"Camel",3655144
"Camel",1569040
"Camel",117499834
"Camel",104949
"Camel",679490
"Camel",1970930
"Camel",91757
"Camel",81063
"Camel",14536643
"Camel",1569040
"Camel",8964294
"Camel",117956
"Camel",2269461
"Camel",266020
"Camel",63429
"Camel",205663
"Camel",4135063
"Camel",40642350
"Camel",628277
"Camel",628277
"Camel",236789
"Camel",95344604
"Camel",121656076
"Camel",1569040
"Camel",1569040
"Camel",1569040
"Camel",1569040
"Camel",172633
"Camel",1569040
"Camel",1569040
"Camel",1569040
"Camel",172633
"Camel",18089419
"Camel",1569040
"Camel",1037599
"Camel",1569040
"Camel",172633
"Camel",114757
"Camel",5361
"Camel",1569040
"Camel",172633
"Camel",205663
"Camel",205663
"Camel",161383
"Camel",4135063
"Camel",172633
"Camel",664
"Camel",1569040
"Camel",17804
"Camel",172633
"Camel",172633
"Camel",1569040
"Camel",59054294
"Camel",1569040
"Camel",1970930
"Camel",64482
"Camel",10116
"Camel",205663
"Camel",72123
"Camel",258617
"Camel",117450
"Camel",114757
"Camel",94277
"Camel",4135063
"Camel",1569040
"Camel",1569040
"Camel",2402368
"Camel",1970930
"Camel",1569040
"Camel",53903
"Camel",12530419
"Camel",4135063
"Camel",1970930
"Camel",18250834
"Camel",7220
"Camel",4135063
"Camel",82871
"Camel",58259
"Camel",10640970
"Camel",1569040
"Camel",28362943
"Camel",255517
"Camel",173514
"Camel",26099
"Camel",33606721
"Camel",205663
"Camel",266020
"Camel",29750785
"Camel",1569040
"Camel",172633
"Camel",18089419
"Camel",1569040
"Camel",22470533
"Camel",1569040
"Camel",172633
"Camel",1569040
"Camel",81775
"Camel",104949
"Camel",172633
"Camel",1569040
"Camel",14197
"Camel",1970930
"Camel",1569040
"Camel",1569040
"Camel",75048
"Camel",91498
"Camel",98925103
"Camel",7863
"Camel",19314
"Camel",14374
"Camel",180520
"Camel",172633
"Camel",1569040
"Camel",172633
"Camel",4135063
"Camel",70956145
"Camel",73194145
"Camel",1569040
"Camel",146113
"Camel",4978
"Camel",2264059
"Camel",10734997
"Camel",104949
"Camel",1569040
"Camel",1970930
"Camel",512240
"Camel",1569040
"Camel",195550
"Camel",71732
"Camel",44897524
"Camel",1569040
"Camel",172633
"Camel",70992
"Camel",106020
"Camel",124532
"Camel",172633
"Camel",1302988
"Camel",29011
"Camel",172633
"Camel",1970930
"Camel",1569040
"Camel",1569040
"Camel",4135063
"Camel",1569040
"Camel",2989
"Camel",2989
"Camel",1302988
"Camel",4135063
"Camel",248930
"Camel",1569040
"Camel",9863769
"Camel",1203168
"Camel",5243
"Camel",4135063
"Camel",1569040
"Camel",1286866
"Camel",91161
"Camel",180149
"Camel",701790
"Camel",5984144
"Camel",1569040
"Camel",1569040
"Camel",1569040
"Camel",1569040
"Camel",1970930
"Camel",762479
"Camel",4135063
"Camel",51041
"Camel",17070
"Camel",205663
"Camel",114757
"Camel",1970930
"Camel",20105156
"Camel",65563
"Camel",65563
"Camel",65563
"Camel",3903
"Camel",1827924
"Camel",613034
"Camel",1569040
"Camel",4135063
"Camel",4135063
"Camel",114757
"Camel",3948
"Camel",2989
"Camel",1569040
"Camel",1569040
"Camel",205663
"Camel",205663
"Camel",4135063
"Camel",434371
"Camel",106061
"Camel",106061
"Camel",1569040
"Camel",145569
"Camel",1569040
"Camel",1569040
"Camel",1569040
"Camel",14197
"Camel",4135063
"Camel",1569040
"Camel",114757
"Camel",1569040
"Camel",4135063
"Camel",4135063
"Camel",4135063
"Camel",4135063
"Camel",14197
"Camel",4135063
"Camel",14197
"Camel",4135063
"Camel",205663
"Camel",4135063
"Camel",1569040
"Camel",1485651
"Camel",1485651
"Camel",4135063
"Camel",1569040
"Camel",344212
"Camel",4135063
"Camel",1607
"Camel",1607
"Camel",101406
"Camel",5698787
"Camel",156170
"Camel",1805417
"Camel",11506501
"Camel",11744651
"Camel",4135063
"Camel",550702
"Camel",4230536
"Camel",205663
"Camel",1569040
"Camel",2478
"Camel",1569040
"Camel",1569040
"Camel",4135063
"Camel",55292
"Camel",1569040
"Camel",1569040
"Camel",1569040
"Camel",1569040
"Camel",1569040
"Camel",198944
"Camel",1569040
"Camel",1569040
"Camel",2478
"Camel",1196873
"Camel",1569040
"Camel",1569040
"Camel",2667
"Camel",70559308
"Camel",7195
"Camel",21682271
"Camel",205663
"Camel",111529692
"Camel",1569040
"Camel",1569040
"Camel",1569040
"Camel",172633
"Camel",1569040
"Camel",172633
"Camel",1569040
"Camel",1569040
"Camel",172633
"Camel",1569040
"Camel",34512225
"Camel",1569040
"Camel",1569040
"Camel",1569040
"Camel",1569040
"Camel",1569040
"Camel",94277
"Camel",1569040
"Camel",205663
"Camel",1569040
"Camel",1569040
"Camel",1569040
"Camel",1569040
"Camel",1569040
"Camel",1569040
"Camel",1569040
"Camel",1569040
"Camel",1569040
"Camel",4135063
"Camel",1569040
"Camel",1970930
"Camel",142493
"Camel",3576983
"Camel",1569040
"Camel",4135063
"Camel",522196
"Camel",5211122
"Camel",5211122
"Camel",1569040
"Camel",14197
"Camel",5261194
"Camel",4135063
"Camel",4135063
"Camel",4135063
"Camel",422926
"Camel",1569040
"Camel",1569040
"Camel",1569040
"Camel",1569040
"Camel",168814
"Camel",1569040
"Camel",1569040
"Camel",4135063
"Camel",1569040
"Camel",1569040
"Camel",17281790
"Camel",31507
"Camel",65563
"Camel",65563
"Camel",2820432
"Camel",4135063
"Camel",205663
"Camel",14197
"Camel",1569040
"Camel",7248931
"Camel",1015
"Camel",72123
"Camel",114757
"Camel",8705970
"Camel",85991
"Camel",292004
"Camel",1970930
"Camel",1569040
"Camel",1569040
"Camel",1569040
"Camel",1569040
"Camel",241532
"Camel",4135063
"Camel",1569040
"Camel",1569040
"Camel",1569040
"Camel",156159
"Camel",1569040
"Camel",172633
"Camel",4135063
"Camel",4135063
"Camel",4135063
"Camel",1569040
"Camel",1569040
"Camel",1569040
"Camel",1569040
"Camel",4135063
"Camel",1569040
"Camel",1569040
"Camel",18250834
"Camel",1569040
"Camel",1196873
"Camel",1569040
"Camel",1876996
"Camel",1569040
"Camel",1569040
"Camel",18089419
"Camel",3626
"Camel",4135063
"Camel",1970930
"Camel",628277
"Camel",1970930
"Camel",172633
"Camel",4135063
"Camel",1569040
"Camel",1569040
"Camel",3370
"Camel",1569040
"Camel",1569040
"Camel",4135063
"Camel",1569040
"Camel",4135063
"Camel",1569040
"Camel",1569040
"Camel",1569040
"Camel",5027726
"Camel",1569040
"Camel",1569040
"Camel",1569040
"Camel",4135063
"Camel",1970930
"Camel",1970930
"Camel",1196873
"Camel",4988
"Camel",1569040
"Camel",1016
"Camel",1302988
"Camel",8460528
"Camel",5211122
"Camel",1569040
"Camel",3721
"Camel",4978
"Camel",75048
"Camel",5493
"Camel",1569040
"Camel",1569040
"Camel",1569040
"Camel",11871
"Camel",100494
"Camel",1569040
"Camel",334311
"Camel",4502245
"Camel",2491
"Camel",19292960
"Camel",1569040
"Camel",205663
"Camel",1569040
"Camel",4135063
"Camel",1569040
"Camel",65563
"Camel",9608
"Camel",65563
"Camel",90598
"Camel",1569040
"Camel",1569040
"Camel",63429
"Camel",15343
"Camel",4873
"Camel",4135063
"Camel",10363830
"Camel",1569040
"Camel",5426
"Camel",1569040
"Camel",1569040
"Camel",1569040
"Camel",4135063
"Camel",529199
"Camel",1569040
"Camel",205663
"Camel",4988
"Camel",205663
"Camel",1970930
"Camel",1368562
"Camel",1569040
"Camel",1569040
"Camel",1569040
"Camel",1569040
"Camel",1167
"Camel",65563
"Camel",1569040
"Camel",1569040
"Camel",1569040
"Camel",4135063
"Camel",1569040
"Camel",1569040
"Camel",2873227
"Camel",1569040
"Camel",5588568
"Camel",172633
"Camel",205663
"Camel",205663
"Camel",1833
"Camel",18089419
"Camel",4169
"Camel",1534753
"Camel",205663
"Camel",240949
"Camel",1569040
"Camel",168814
"Camel",3721
"Camel",1569040
"Camel",1569040
"Camel",4135063
"Camel",6094
"Camel",114757
"Camel",1569040
"Camel",1569040
"Camel",1569040
"Camel",1569040
"Camel",1569040
"Camel",1569040
"Camel",75048
"Camel",101391
"Camel",1569040
"Camel",1569040
"Camel",1569040
"Camel",1569040
"Camel",168814
"Camel",3721
"Camel",4135063
"Camel",172633
"Camel",1569040
"Camel",4135063
"Camel",4135063
"Camel",4135063
"Camel",4135063
"Camel",4135063
"Camel",1569040
"Camel",2675
"Camel",114757
"Camel",4135063
"Camel",14197
"Camel",1569040
"Camel",1569040
"Camel",529199
"Camel",4135063
"Camel",205663
"Camel",3721
"Camel",5984144
"Camel",15599
"Camel",614673
"Camel",4135063
"Camel",1640254
"Camel",1569040
"Camel",1569040
"Camel",4135063
"Camel",1569040
"Camel",1569040
"Camel",114757
"Camel",1569040
"Camel",4135063
"Camel",1970930
"Camel",65563
"Camel",467
"Camel",4135063
"Camel",1970930
"Camel",1970930
"Camel",156908
"Camel",114757
"Camel",156908
"Camel",65563
"Camel",1569040
"Camel",1569040
"Camel",4135063
"Camel",1569040
"Camel",1569040
"Camel",1569040
"Camel",63429
"Camel",697145
"Camel",63429
"Camel",9073
"Camel",1569040
"Camel",1970930
"Camel",4135063
"Camel",1569040
"Camel",1569040
"Camel",4135063
"Camel",4135063
"Camel",4135063
"Camel",1569040
"Camel",1970930
"Camel",1970930
"Camel",1569040
"Camel",1569040
"Camel",24450445
"Camel",1569040
"Camel",4135063
"Camel",205663
"Camel",4135063
"Camel",4135063
"Camel",205663
"Camel",8289492
"Camel",10951682
"Camel",1970930
"Camel",1970930
"Camel",1970930
"Camel",1970930
"Camel",1970930
"Camel",1569040
"Camel",101406
"Camel",4135063
"Camel",4135063
"Camel",697145
"Camel",63429
"Camel",63429
"Camel",10435
"Camel",248303
"Camel",628277
"Camel",1569040
"Camel",1462
"Camel",7949
"Camel",4135063
"Camel",1569040
"Camel",4135063
"Camel",4135063
"Camel",4135063
"Camel",8032
"Camel",3447757
"Camel",18089419
"Camel",1970930
"Camel",1970930
"Camel",164258682
"Camel",4135063
"Camel",5209424
"Camel",3721
"Camel",11023
"Camel",1569040
"Camel",241532
"Camel",75048
"Camel",1569040
"Camel",1569040
"Camel",1569040
"Camel",1569040
"Camel",1569040
"Camel",1569040
"Camel",1569040
"Camel",1569040
"Camel",1569040
"Camel",1569040
"Camel",85991
"Camel",1569040
"Camel",1569040
"Camel",1569040
"Camel",1569040
"Camel",1569040
"Camel",4135063
"Camel",1569040
"Camel",4135063
"Camel",4135063
"Camel",1569040
"Camel",422442
"Camel",1569040
"Camel",1569040
"Camel",49867861
"Camel",8289492
"Camel",35716419
"Camel",1569040
"Camel",166596
"Camel",1607
"Camel",4135063
"Camel",35922
"Camel",183387
"Camel",4135063
"Camel",171595
"Camel",117450
"Camel",12351730
"Camel",8269865
"Camel",11846836
"Camel",28961
"Camel",4135063
"Camel",4135063
"Camel",4135063
"Camel",4135063
"Camel",4135063
"Camel",4135063
"Camel",1016
"Camel",5211122
"Camel",1569040
"Camel",33274782
"Camel",1569040
"Camel",1569040
"Camel",4135063
"Camel",4135063
"Camel",1569040
"Camel",4135063
"Camel",172633
"Camel",1569040
"Camel",1569040
"Camel",1569040
"Camel",1569040
"Camel",1569040
"Camel",1569040
"Camel",1569040
"Camel",1569040
"Camel",56578
"Camel",43245154
"Camel",1569040
"Camel",3212
"Camel",1569040
"Camel",9018409
"Camel",1569040
"Camel",2554
"Camel",14197
"Camel",6499419
"Camel",1569040
"Camel",444720
"Camel",205663
"Camel",350741
"Camel",4135063
"Camel",420324
"Camel",10793
"Camel",58042
"Camel",1569040
"Camel",205663
"Camel",1569040
"Camel",4135063
"Camel",1569040
"Camel",133820960
"Camel",1569040
"Camel",124469
"Camel",1248323
"Camel",7780619
"Camel",3721
"Camel",90215
"Camel",1569040
"Camel",1569040
"Camel",111529692
"Camel",1569040
"Camel",133815231
"Camel",1569040
"Camel",16780
"Camel",1569040
"Camel",4135063
"Camel",3721
"Camel",49209
"Camel",4135063
"Camel",74536
"Camel",4978
"Camel",101212
"Camel",5067997
"Camel",1876996
"Camel",149877
"Camel",41911373
"Camel",1569040
"Camel",1569040
"Camel",1569040
"Camel",1569040
"Camel",1569040
"Camel",4135063
"Camel",1569040
"Camel",172633
"Camel",1569040
"Camel",1569040
"Camel",172633
"Camel",172633
"Camel",172633
"Camel",1569040
"Camel",1569040
"Camel",1569040
"Camel",1569040
"Camel",1569040
"Camel",1569040
"Camel",1569040
"Camel",1569040
"Camel",1569040
"Camel",1569040
"Camel",1569040
"Camel",1569040
"Camel",205663
"Camel",1569040
"Camel",4135063
"Camel",114757
"Camel",1569040
"Camel",4135063
"Camel",19521364
"Camel",668048
"Camel",668048
"Camel",7125
"Camel",18972
"Camel",550702
"Camel",1147790
"Camel",1569040
"Camel",19794563
"Camel",1569040
"Camel",1569040
"Camel",4135063
"Camel",1569040
"Camel",172633
"Camel",1569040
"Camel",4135063
"Camel",1569040
"Camel",1569040
"Camel",1569040
"Camel",1569040
"Camel",1569040
"Camel",61635
"Camel",13036524
"Camel",4135063
"Camel",4135063
"Camel",4135063
"Camel",4135063
"Camel",4135063
"Camel",14845640
"Camel",4135063
"Camel",4135063
"Camel",1569040
"Camel",205663
"Camel",2334872
"Camel",4135063
"Camel",1569040
"Camel",1569040
"Camel",1569040
"Camel",4135063
"Camel",4135063
"Camel",1569040
"Camel",98126
"Camel",628277
"Camel",389855
"Camel",1569040
"Camel",1569040
"Camel",5211654
"Camel",1569040
"Camel",529199
"Camel",5211122
"Camel",5211122
"Camel",5211122
"Camel",101
"Camel",79408
"Camel",5261194
"Camel",14197
"Camel",14197
"Camel",205663
"Camel",205663
"Camel",56696459
"Camel",205663
"Camel",18089419
"Camel",14197
"Camel",14197
"Camel",4135063
"Camel",4135063
"Camel",4135063
"Camel",104949
"Camel",414438
"Camel",414438
"Camel",4135063
"Camel",4135063
"Camel",172633
"Camel",114757
"Camel",33274782
"Camel",8402118
"Camel",4135063
"Camel",50653701
"Camel",22823863
"Camel",39042954
"Camel",1569040
"Camel",1569040
"Camel",1569040
"Camel",18211780
"Camel",1569040
"Camel",1569040
"Camel",4135063
"Camel",4135063
"Camel",4135063
"Camel",1569040
"Camel",19037
"Camel",2508
"Camel",2508
"Camel",49676
"Camel",49676
"Camel",1569040
"Camel",1569040
"Camel",172633
"Camel",14479831
"Camel",502877
"Camel",17804
"Camel",628277
"Camel",7623
"Camel",762479
"Camel",4135063
"Camel",9608
"Camel",1569040
"Camel",168814
"Camel",241668
"Camel",1569040
"Camel",1569040
"Camel",1569040
"Camel",1569040
"Camel",1569040
"Camel",1569040
"Camel",3116654
"Camel",4135063
"Camel",1302988
"Camel",1569040
"Camel",1569040
"Camel",1970930
"Camel",1970930
"Camel",1970930
"Camel",1970930
"Camel",1970930
"Camel",1970930
"Camel",1970930
"Camel",4135063
"Camel",762479
"Camel",1569040
"Camel",1569040
"Camel",168814
"Camel",168814
"Camel",1569040
"Camel",1970930
"Camel",1970930
"Camel",17618415
"Camel",7981
"Camel",4662777
"Camel",1569040
"Camel",585634
"Camel",1569040
"Camel",245363
"Camel",532821
"Camel",10435
"Camel",64020
"Camel",3121267
"Camel",249283
"Camel",10435
"Camel",1569040
"Camel",1970930
"Camel",4135063
"Camel",1569040
"Camel",441492
"Camel",4135063
"Camel",18566
"Camel",33471
"Camel",65563
"Camel",1970930
"Camel",1970930
"Camel",879
"Camel",65563
"Camel",65563
"Camel",65563
"Camel",65563
"Camel",2889229
"Camel",65563
"Camel",3014
"Camel",94277
"Camel",112428
"Camel",65563
"Camel",4135063
"Camel",3116654
"Camel",98925103
"Camel",628277
"Camel",65563
"Camel",4135063
"Camel",1196873
"Camel",4135063
"Camel",1534753
"Camel",65563
"Camel",205663
"Camel",177026
"Camel",140539
"Camel",2478
"Camel",133442141
"Camel",48811
"Camel",4135063
"Camel",4531
"Camel",4135063
"Camel",9491171
"Camel",3721
"Camel",253693
"Camel",4135063
"Camel",872168
"Camel",7095
"Camel",17313
"Camel",1016
"Camel",1016
"Camel",4135063
"Camel",55292
"Camel",1569040
"Camel",1016
"Camel",55292
"Camel",77488
"Camel",1569040
"Camel",1569040
"Camel",1016
"Camel",1569040
"Camel",55292
"Camel",1876996
"Camel",12653
"Camel",13116469
"Camel",1569040
"Camel",1569040
"Camel",1569040
"Camel",1569040
"Camel",1569040
"Camel",10304865
"Camel",4135063
"Camel",5211122
"Camel",1569040
"Camel",1569040
"Camel",1569040
"Camel",439753
"Camel",4135063
"Camel",18089419
"Camel",226158
"Camel",4135063
"Camel",1569040
"Camel",1569040
"Camel",5209424
"Camel",106061
"Camel",1569040
"Camel",1569040
"Camel",13104
"Camel",15222705
"Camel",1569040
"Camel",1569040
"Camel",4135063
"Camel",4135063
"Camel",1569040
"Camel",1569040
"Camel",1569040
"Camel",172633
"Camel",1569040
"Camel",172633
"Camel",1569040
"Camel",1569040
"Camel",55292
"Camel",172633
"Camel",1569040
"Camel",172633
"Camel",1569040
"Camel",1569040
"Camel",172633
"Camel",1569040
"Camel",183387
"Camel",4135063
"Camel",1569040
"Camel",61783
"Camel",1569040
"Camel",1569040
"Camel",1569040
"Camel",172633
"Camel",1569040
"Camel",1569040
"Camel",1569040
"Camel",4135063
"Camel",1569040
"Camel",1569040
"Camel",1569040
"Camel",1569040
"Camel",1569040
"Camel",1569040
"Camel",1569040
"Camel",1569040
"Camel",1569040
"Camel",1569040
"Camel",4135063
"Camel",1569040
"Camel",1569040
"Camel",1569040
"Camel",1569040
"Camel",1569040
"Camel",1569040
"Camel",1569040
"Camel",4135063
"Camel",1569040
"Camel",4135063
"Camel",1569040
"Camel",1016
"Camel",172633
"Camel",1569040
"Camel",18625
"Camel",1569040
"Camel",1569040
"Camel",18625
"Camel",55292
"Camel",1016
"Camel",1569040
"Camel",1569040
"Camel",1569040
"Camel",1569040
"Camel",1569040
"Camel",55292
"Camel",1569040
"Camel",1569040
"Camel",1569040
"Camel",1569040
"Camel",1569040
"Camel",1569040
"Camel",1569040
"Camel",1569040
"Camel",4135063
"Camel",1569040
"Camel",1569040
"Camel",75048
"Camel",1569040
"Camel",75048
"Camel",1569040
"Camel",1569040
"Camel",1569040
"Camel",1569040
"Camel",55292
"Camel",1569040
"Camel",172633
"Camel",1569040
"Camel",1569040
"Camel",1569040
"Camel",172633
"Camel",4135063
"Camel",1569040
"Camel",1569040
"Camel",1569040
"Camel",172633
"Camel",1569040
"Camel",1569040
"Camel",1569040
"Camel",1569040
"Camel",1569040
"Camel",172633
"Camel",1569040
"Camel",1569040
"Camel",4135063
"Camel",1569040
"Camel",1569040
"Camel",1569040
"Camel",1569040
"Camel",1569040
"Camel",75048
"Camel",55292
"Camel",1569040
"Camel",1108335
"Camel",1569040
"Camel",1569040
"Camel",1569040
"Camel",55292
"Camel",4135063
"Camel",1569040
"Camel",1569040
"Camel",4135063
"Camel",1569040
"Camel",1569040
"Camel",1569040
"Camel",1569040
"Camel",1569040
"Camel",172633
"Camel",1569040
"Camel",172633
"Camel",1569040
"Camel",1569040
"Camel",172633
"Camel",1016
"Camel",172633
"Camel",1569040
"Camel",1569040
"Camel",1569040
"Camel",55292
"Camel",4135063
"Camel",1569040
"Camel",172633
"Camel",4135063
"Camel",1016
"Camel",94277
"Camel",1569040
"Camel",1569040
"Camel",1569040
"Camel",1569040
"Camel",1569040
"Camel",4135063
"Camel",172633
"Camel",11306268
"Camel",11306268
"Camel",11306268
"Camel",1569040
"Camel",11306268
"Camel",11306268
"Camel",1569040
"Camel",1569040
"Camel",128289765
"Camel",128289765
"Camel",128289765
"Camel",4135063
"Camel",1569040
"Camel",1569040
"Camel",4135063
"Camel",1569040
"Camel",128289765
"Camel",14479831
"Camel",1569040
"Camel",1569040
"Camel",1569040
"Camel",1569040
"Camel",1569040
"Camel",1569040
"Camel",1569040
"Camel",1569040
"Camel",1569040
"Camel",1569040
"Camel",1569040
"Camel",1569040
"Camel",1569040
"Camel",1569040
"Camel",1569040
"Camel",1569040
"Camel",1569040
"Camel",1569040
"Camel",1569040
"Camel",1569040
"Camel",1569040
"Camel",1569040
"Camel",1569040
"Camel",1569040
"Camel",36905
"Camel",1569040
"Camel",1569040
"Camel",1569040
"Camel",1569040
"Camel",1569040
"Camel",1569040
"Camel",1569040
"Camel",1569040
"Camel",1569040
"Camel",1569040
"Camel",1569040
"Camel",4135063
"Camel",1569040
"Camel",1569040
"Camel",1569040
"Camel",1569040
"Camel",1196873
"Camel",1569040
"Camel",1569040
"Camel",1569040
"Camel",1569040
"Camel",1569040
"Camel",1569040
"Camel",172633
"Camel",1569040
"Camel",1569040
"Camel",1569040
"Camel",1569040
"Camel",1569040
"Camel",1569040
"Camel",1569040
"Camel",1569040
"Camel",1569040
"Camel",1569040
"Camel",1569040
"Camel",1569040
"Camel",1569040
"Camel",1569040
"Camel",1569040
"Camel",1569040
"Camel",1569040
"Camel",1569040
"Camel",4135063
"Camel",1569040
"Camel",1569040
"Camel",1569040
"Camel",1569040
"Camel",1569040
"Camel",1569040
"Camel",1569040
"Camel",1569040
"Camel",4135063
"Camel",1569040
"Camel",1569040
"Camel",172633
"Camel",1569040
"Camel",4135063
"Camel",1569040
"Camel",4135063
"Camel",1569040
"Camel",1569040
"Camel",205663
"Camel",1569040
"Camel",1569040
"Camel",1569040
"Camel",1569040
"Camel",14197
"Camel",1569040
"Camel",1569040
"Camel",4135063
"Camel",18524559
"Camel",1569040
"Camel",1569040
"Camel",1569040
"Camel",1569040
"Camel",168814
"Camel",2256913
"Camel",2681756
"Camel",1569040
"Camel",1569040
"Camel",4135063
"Camel",4135063
"Camel",10951682
"Camel",1569040
"Camel",172633
"Camel",12351730
"Camel",4135063
"Camel",5211122
"Camel",529199
"Camel",4135063
"Camel",5211122
"Camel",4135063
"Camel",1569040
"Camel",1569040
"Camel",12653
"Camel",5211122
"Camel",1569040
"Camel",172633
"Camel",5211122
"Camel",1016
"Camel",1569040
"Camel",1569040
"Camel",1569040
"Camel",1569040
"Camel",1569040
"Camel",1569040
"Camel",1569040
"Camel",1569040
"Camel",1569040
"Camel",1569040
"Camel",1569040
"Camel",1569040
"Camel",1569040
"Camel",1569040
"Camel",1569040
"Camel",1569040
"Camel",1075
"Camel",172633
"Camel",1569040
"Camel",4135063
"Camel",1569040
"Camel",1569040
"Camel",69926
"Camel",84981
"Camel",3558489
"Camel",2478
"Camel",24865837
"Camel",352551
"Camel",2873227
"Camel",2873227
"Camel",99513810
"Camel",49796
"Camel",6310888
"Camel",27820569
"Camel",205663
"Camel",14197
"Camel",205663
"Camel",172633
"Camel",4135063
"Camel",5881760
"Camel",59742612
"Camel",1569040
"Camel",78657
"Camel",423699
"Camel",18089419
"Camel",422926
"Camel",4135063
"Camel",205663
"Camel",4987
"Camel",18089419
"Camel",1569040
"Camel",4169
"Camel",945622
"Camel",205663
"Camel",25317985
"Camel",114757
"Camel",1569040
"Camel",29750785
"Camel",1569040
"Camel",1569040
"Camel",227679
"Camel",172633
"Camel",114757
"Camel",1569040
"Camel",1569040
"Camel",1334
"Camel",551
"Camel",24202144
"Camel",3721
"Camel",122946
"Camel",1569040
"Camel",3721
"Camel",4393252
"Camel",1569040
"Camel",1569040
"Camel",94277
"Camel",94277
"Camel",4135063
"Camel",94277
"Camel",4135063
"Camel",1569040
"Camel",1569040
"Camel",1569040
"Camel",168160
"Camel",7373
"Camel",36905
"Camel",146012078
"Camel",67993
"Camel",1569040
"Camel",11767
"Camel",4135063
"Camel",4135063
"Camel",223537
"Camel",4135063
"Camel",4135063
"Camel",205663
"Camel",85981
"Camel",172633
"Camel",4135063
"Camel",1569040
"Camel",1569040
"Camel",1569040
"Camel",1569040
"Camel",2478
"Camel",114757
"Camel",1569040
"Camel",1569040
"Camel",1569040
"Camel",2478
"Camel",74766
"Camel",114757
"Camel",1569040
"Camel",1569040
"Camel",1569040
"Camel",1569040
"Camel",1569040
"Camel",1569040
"Camel",1569040
"Camel",1569040
"Camel",1569040
"Camel",114757
"Camel",1569040
"Camel",1569040
"Camel",1569040
"Camel",1569040
"Camel",205663
"Camel",9840
"Camel",1569040
"Camel",6094
"Camel",1569040
"Camel",1569040
"Camel",4135063
"Camel",114757
"Camel",1569040
"Camel",4135063
"Camel",668048
"Camel",4135063
"Camel",668048
"Camel",14197
"Camel",4438515
"Camel",114757
"Camel",12933191
"Camel",12895482
"Camel",22816274
"Camel",4135063
"Camel",22816274
"Camel",4135063
"Camel",18089419
"Camel",4135063
"Camel",205663
"Camel",1811987
"Camel",18014330
"Camel",172633
"Camel",1569040
"Camel",1569040
"Camel",1569040
"Camel",1569040
"Camel",18089419
"Camel",1569040
"Camel",1569040
"Camel",1569040
"Camel",1569040
"Camel",1569040
"Camel",4135063
"Camel",4135063
"Camel",1569040
"Camel",1569040
"Camel",114757
"Camel",1569040
"Camel",4135063
"Camel",4135063
"Camel",4135063
"Camel",1569040
"Camel",4135063
"Camel",4135063
"Camel",4135063
"Camel",114757
"Camel",4135063
"Camel",14197
"Camel",4135063
"Camel",5211654
"Camel",5211479
"Camel",1569040
"Camel",1569040
"Camel",114757
"Camel",441829
"Camel",4135063
"Camel",1569040
"Camel",529199
"Camel",529199
"Camel",529199
"Camel",5211122
"Camel",5211122
"Camel",5211122
"Camel",5211122
"Camel",5211122
"Camel",5211122
"Camel",1569040
"Camel",5211122
"Camel",5211122
"Camel",5211122
"Camel",5211122
"Camel",5211122
"Camel",4135063
"Camel",1569040
"Camel",1659
"Camel",14479831
"Camel",1569040
"Camel",114757
"Camel",205663
"Camel",4135063
"Camel",14197
"Camel",14197
"Camel",205663
"Camel",90215
"Camel",4135063
"Camel",4135063
"Camel",4135063
"Camel",4135063
"Camel",1569040
"Camel",1569040
"Camel",4135063
"Camel",205663
"Camel",4135063
"Camel",67469
"Camel",1569040
"Camel",98126
"Camel",1569040
"Camel",168814
"Camel",1569040
"Camel",1569040
"Camel",4216929
"Camel",679490
"Camel",762479
"Camel",1569040
"Camel",1569040
"Camel",4135063
"Camel",4135063
"Camel",1569040
"Camel",1569040
"Camel",51041
"Camel",51041
"Camel",4135063
"Camel",245496
"Camel",1569040
"Camel",14536643
"Camel",1569040
"Camel",1569040
"Camel",4135063
"Camel",21224
"Camel",20105156
"Camel",762479
"Camel",4135063
"Camel",1569040
"Camel",1569040
"Camel",1302988
"Camel",1569040
"Camel",86013266
"Camel",762479
"Camel",4135063
"Camel",4135063
"Camel",10982202
"Camel",1569040
"Camel",5211122
"Camel",65563
"Camel",17047773
"Camel",10982202
"Camel",245029
"Camel",73425
"Camel",173578
"Camel",29011
"Camel",1569040
"Camel",1569040
"Camel",1569040
"Camel",1569040
"Camel",1569040
"Camel",18089419
"Camel",168814
"Camel",74332
"Camel",4135063
"Camel",1569040
"Camel",4135063
"Camel",1569040
"Camel",1970930
"Camel",4135063
"Camel",1970930
"Camel",1970930
"Camel",1970930
"Camel",205663
"Camel",4135063
"Camel",1970930
"Camel",1970930
"Camel",1970930
"Camel",168814
"Camel",1569040
"Camel",1970930
"Camel",4579589
"Camel",14536643
"Camel",588510
"Camel",63429
"Camel",63429
"Camel",684937
"Camel",607167
"Camel",3452445
"Camel",15343
"Camel",1970930
"Camel",104949
"Camel",67408
"Camel",73425
"Camel",1569040
"Camel",1569040
"Camel",104949
"Camel",248303
"Camel",1970930
"Camel",1970930
"Camel",1970930
"Camel",1970930
"Camel",1569040
"Camel",1970930
"Camel",1970930
"Camel",1970930
"Camel",1970930
"Camel",4135063
"Camel",73322
"Camel",4135063
"Camel",1569040
"Camel",4135063
"Camel",4135063
"Camel",4135063
"Camel",1569040
"Camel",4135063
"Camel",4135063
"Camel",4135063
"Camel",4135063
"Camel",1569040
"Camel",1569040
"Camel",1569040
"Camel",1569040
"Camel",14197
"Camel",1569040
"Camel",205663
"Camel",10221487
"Camel",1970930
"Camel",1970930
"Camel",4135063
"Camel",1569040
"Camel",1569040
"Camel",340209
"Camel",4135063
"Camel",18089419
"Camel",4135063
"Camel",1970930
"Camel",98126
"Camel",4135063
"Camel",7417219
"Camel",42961
"Camel",15389877
"Camel",172633
"Camel",4135063
"Camel",17047773
"Camel",1970930
"Camel",1970930
"Camel",10811504
"Camel",1970930
"Camel",1970930
"Camel",1970930
"Camel",1970930
"Camel",1970930
"Camel",1970930
"Camel",1569040
"Camel",1970930
"Camel",1970930
"Camel",205663
"Camel",2478
"Camel",1970930
"Camel",1970930
"Camel",1970930
"Camel",4135063
"Camel",4135063
"Camel",1569040
"Camel",14197
"Camel",1569040
"Camel",1569040
"Camel",1569040
"Camel",1569040
"Camel",1569040
"Camel",1569040
"Camel",1569040
"Camel",7125
"Camel",1569040
"Camel",1569040
"Camel",1569040
"Camel",1569040
"Camel",1569040
"Camel",1569040
"Camel",1569040
"Camel",1569040
"Camel",1569040
"Camel",7981
"Camel",65563
"Camel",1569040
"Camel",249283
"Camel",245363
"Camel",67408
"Camel",104949
"Camel",104949
"Camel",10435
"Camel",4135063
"Camel",585634
"Camel",3452445
"Camel",64020
"Camel",684937
"Camel",1569040
"Camel",1569040
"Camel",21312
"Camel",21312
"Camel",238
"Camel",1248821
"Camel",77196216
"Camel",82313
"Camel",4135063
"Camel",1569040
"Camel",238
"Camel",1315
"Camel",1569040
"Camel",1569040
"Camel",1569040
"Camel",2016131
"Camel",1248821
"Camel",1569040
"Camel",1569040
"Camel",114757
"Camel",4135063
"Camel",14479831
"Camel",4135063
"Camel",1569040
"Camel",17335432
"Camel",1569040
"Camel",65329
"Camel",66417
"Camel",4135063
"Camel",1569040
"Camel",4135063
"Camel",17335432
"Camel",205663
"Camel",18089419
"Camel",4135063
"Camel",7949
"Camel",3496
"Camel",92100
"Camel",4135063
"Camel",100807
"Camel",4135063
"Camel",5964250
"Camel",65563
"Camel",4135063
"Camel",4135063
"Camel",4135063
"Camel",4135063
"Camel",4135063
"Camel",4135063
"Camel",4135063
"Camel",4135063
"Camel",4135063
"Camel",1569040
"Camel",4135063
"Camel",1196873
"Camel",101406
"Camel",467631
"Camel",4135063
"Camel",3447757
"Camel",1167
"Camel",13824
"Camel",4135063
"Camel",4135063
"Camel",1447208
"Camel",4135063
"Camel",4135063
"Camel",1569040
"Camel",1569040
"Camel",1569040
"Camel",5499
"Camel",1196873
"Camel",1569040
"Camel",6371234
"Camel",6371234
"Camel",106061
"Camel",65563
"Camel",65563
"Camel",94277
"Camel",18089419
"Camel",5970564
"Camel",221534
"Camel",1569040
"Camel",2014
"Camel",1569040
"Camel",1569040
"Camel",1569040
"Camel",1569040
"Camel",1569040
"Camel",1569040
"Camel",1569040
"Camel",1569040
"Camel",114757
"Camel",1569040
"Camel",4135063
"Camel",4135063
"Camel",4135063
"Camel",65563
"Camel",1569040
"Camel",4135063
"Camel",1569040
"Camel",65563
"Camel",65563
"Camel",172633
"Camel",205663
"Camel",1569040
"Camel",1970930
"Camel",65563
"Camel",1970930
"Camel",1970930
"Camel",65563
"Camel",1970930
"Camel",1970930
"Camel",65563
"Camel",65563
"Camel",65563
"Camel",65563
"Camel",65563
"Camel",1970930
"Camel",1970930
"Camel",1278
"Camel",65563
"Camel",65563
"Camel",20389378
"Camel",65563
"Camel",35718579
"Camel",65563
"Camel",65563
"Camel",65563
"Camel",172633
"Camel",1569040
"Camel",4135063
"Camel",4135063
"Camel",1569040
"Camel",114757
"Camel",5209424
"Camel",18089419
"Camel",1569040
"Camel",65563
"Camel",5209424
"Camel",205663
"Camel",17285
"Camel",4135063
"Camel",5209424
"Camel",65563
"Camel",65563
"Camel",65563
"Camel",205663
"Camel",65563
"Camel",65563
"Camel",65563
"Camel",4135063
"Camel",65563
"Camel",94277
"Camel",1569040
"Camel",4135063
"Camel",106061
"Camel",1569040
"Camel",14197
"Camel",65563
"Camel",65563
"Camel",205663
"Camel",65563
"Camel",65563
"Camel",65563
"Camel",65563
"Camel",1569040
"Camel",1569040
"Camel",1569040
"Camel",17294
"Camel",59881
"Camel",1820472
"Camel",63959
"Camel",14197
"Camel",613034
"Camel",6141
"Camel",3051
"Camel",65563
"Camel",7230
"Camel",5620404
"Camel",2989
"Camel",4135063
"Camel",59558
"Camel",7711
"Camel",18089419
"Camel",1569040
"Camel",1447208
"Camel",286
"Camel",1569040
"Camel",8013256
"Camel",205663
"Camel",1569040
"Camel",1569040
"Camel",4135063
"Camel",598073
"Camel",1569040
"Camel",4135063
"Camel",1569040
"Camel",4135063
"Camel",18089419
"Camel",4135063
"Camel",1485651
"Camel",18315122
"Camel",1569040
"Camel",114757
"Camel",1569040
"Camel",590740
"Camel",1569040
"Camel",4135063
"Camel",2858146
"Camel",258508
"Camel",85991
"Camel",4135063
"Camel",5376660
"Camel",65563
"Camel",205663
"Camel",205663
"Camel",83052
"Camel",556197
"Camel",321866
"Camel",34217301
"Camel",205663
"Camel",1018187
"Camel",611748
"Camel",4135063
"Camel",21597393
"Camel",258617
"Camel",69460
"Camel",114757
"Camel",10296236
"Camel",3721
"Camel",2636379
"Camel",205663
"Camel",7307431
"Camel",41444
"Camel",114757
"Camel",205663
"Camel",97917
"Camel",41444
"Camel",11846836
"Camel",3389829
"Camel",239593
"Camel",34326553
"Camel",13459
"Camel",14303437
"Camel",13459
"Camel",32020508
"Camel",13459
"Camel",19131
"Camel",48378037
"Camel",40562482
"Camel",5605193
"Camel",20741190
"Camel",5605193
"Camel",5605193
"Camel",5605193
"Camel",167998
"Camel",1197228
"Camel",39410198
"Camel",13459
"Camel",13459
"Camel",14303437
"Camel",13459
"Camel",13459
"Camel",13459
"Camel",13459
"Camel",13459
"Camel",13459
"Camel",13459
"Camel",52369027
"Camel",13459
"Camel",3350
"Camel",13459
"Camel",5605193
"Camel",5605193
"Camel",5605193
"Camel",5605193
"Camel",48205
"Camel",5605193
"Camel",5605193
"Camel",5605193
"Camel",5605193
"Camel",5605193
"Camel",5605193
"Camel",1197228
"Camel",1197228
"Camel",13885436
"Camel",17155908
"Camel",13459
"Camel",13459
"Camel",13459
"Camel",22881026
"Camel",52384626
"Camel",13459
"Camel",13459
"Camel",13459
"Camel",13459
"Camel",166880
"Camel",5605193
"Camel",18221
"Camel",9818658
"Camel",1197228
"Camel",13459
"Camel",13459
"Camel",13459
"Camel",5605193
"Camel",872624
"Camel",19131
"Camel",5605193
"Camel",5605193
"Camel",13459
"Camel",13459
"Camel",13459
"Camel",22881026
"Camel",5422978
"Camel",13459
"Camel",13459
"Camel",19131
"Camel",19131
"Camel",5605193
"Camel",1197228
"Camel",5605193
"Camel",1197228
"Camel",67283935
"Camel",73222476
"Camel",118884662
"Camel",8448327
"Camel",1642758
"Camel",1197228
"Camel",27365604
"Camel",13459
"Camel",191586202
"Camel",10247075
"Camel",13459
"Camel",13459
"Camel",13459
"Camel",4737610
"Camel",52369027
"Camel",19570326
"Camel",13459
"Camel",13459
"Camel",151642941
"Camel",777674
"Camel",13459
"Camel",14303437
"Camel",13459
"Camel",42043713
"Camel",5605193
"Camel",5605193
"Camel",5605193
"Camel",5605193
"Camel",5605193
"Camel",5605193
"Camel",5605193
"Camel",5605193
"Camel",5605193
"Camel",5605193
"Camel",5605193
"Camel",5605193
"Camel",5605193
"Camel",5605193
"Camel",1197228
"Camel",1197228
"Camel",5605193
"Camel",13459
"Camel",13459
"Camel",6483532
"Camel",13459
"Camel",13459
"Camel",9818658
"Camel",10352401
"Camel",13459
"Camel",14303437
"Camel",13459
"Camel",22533371
"Camel",19131
"Camel",13459
"Camel",13459
"Camel",13459
"Camel",27066803
"Camel",25453904
"Camel",36081517
"Camel",108603754
"Camel",53263316
"Camel",53263316
"Camel",91646083
"Camel",13459
"Camel",14303437
"Camel",31797915
"Camel",6653523
"Camel",5605193
"Camel",19577451
"Camel",55550632
"Camel",13459
"Camel",5605193
"Camel",5605193
"Camel",139746855
"Camel",1197228
"Camel",14303437
"Camel",40899424
"Camel",130914
"Camel",3258149
"Camel",13459
"Camel",5605193
"Camel",37765591
"Camel",132449016
"Camel",6483532
"Camel",13459
"Camel",13459
"Camel",13459
"Camel",1642758
"Camel",13459
"Camel",13459
"Camel",1197228
"Camel",41229258
"Camel",32052971
"Camel",3223705
"Camel",39075655
"Camel",19131
"Camel",2296214
"Camel",61194987
"Camel",19131
"Camel",19131
"Camel",5605193
"Camel",5605193
"Camel",5605193
"Camel",5605193
"Camel",5605193
"Camel",5605193
"Camel",5605193
"Camel",5605193
"Camel",13459
"Camel",40562482
"Camel",40562482
"Camel",1197228
"Camel",1197228
"Camel",13459
"Camel",13459
"Camel",13459
"Camel",191586202
"Camel",19131
"Camel",14303437
"Camel",43089285
"Camel",22881026
"Camel",74079924
"Camel",61194987
"Camel",73246899
"Camel",18762895
"Camel",22881026
"Camel",65750
"Camel",119011916
"Camel",5568
"Camel",13459
"Camel",13459
"Camel",145028863
"Camel",13459
"Camel",5605193
"Camel",132354743
"Camel",13459
"Camel",132354743
"Camel",13459
"Camel",5605193
"Camel",5605193
"Camel",5605193
"Camel",1637357
"Camel",13459
"Camel",13459
"Camel",13459
"Camel",13459
"Camel",13459
"Camel",5605193
"Camel",5605193
"Camel",13459
"Camel",5605193
"Camel",5605193
"Camel",13459
"Camel",13459
"Camel",5605193
"Camel",5605193
"Camel",13459
"Camel",13459
"Camel",22881026
"Camel",13459
"Camel",19131
"Camel",19131
"Camel",5605193
"Camel",19577451
"Camel",80738029
"Camel",10247075
"Camel",76395855
"Camel",13459
"Camel",5605193
"Camel",13459
"Camel",5605193
"Camel",19131
"Camel",10627150
"Camel",19452841
"Camel",13459
"Camel",19131
"Camel",5605193
"Camel",19570326
"Camel",5605193
"Camel",57171502
"Camel",14152335
"Camel",10119868
"Camel",13459
"Camel",13459
"Camel",1876669
"Camel",13494
"Camel",91095377
"Camel",11663475
"Camel",13459
"Camel",13459
"Camel",13459
"Camel",19131
"Camel",14303437
"Camel",13459
"Camel",13459
"Camel",5605193
"Camel",5605193
"Camel",19131
"Camel",32052971
"Camel",14303437
"Camel",14303437
"Camel",32052971
"Camel",5422978
"Camel",5605193
"Camel",19131
"Camel",41593032
"Camel",167998
"Camel",12757165
"Camel",1115979
"Camel",110766726
"Camel",19131
"Camel",5605193
"Camel",13459
"Camel",13459
"Camel",13459
"Camel",5605193
"Camel",5605193
"Camel",13459
"Camel",5605193
"Camel",26786441
"Camel",38739494
"Camel",97697601
"Camel",6044228
"Camel",5605193
"Camel",48205
"Camel",48205
"Camel",5605193
"Camel",167998
"Camel",17854048
"Camel",3089426
"Camel",2498221
"Camel",1194684
"Camel",25453904
"Camel",5605193
"Camel",4274142
"Camel",1197228
"Camel",13459
"Camel",5605193
"Camel",5605193
"Camel",13459
"Camel",10427924
"Camel",5605193
"Camel",5605193
"Camel",14361637
"Camel",231209924
"Camel",13459
"Camel",39613697
"Camel",5605193
"Camel",17339581
"Camel",695155
"Camel",695155
"Camel",684392
"Camel",21507186
"Camel",19669463
"Camel",83787256
"Camel",28169118
"Camel",5605193
"Camel",5605193
"Camel",14303437
"Camel",30354963
"Camel",5605193
"Camel",32020508
"Camel",5605193
"Camel",5605193
"Camel",15026398
"Camel",5605193
"Camel",81705764
"Camel",116873135
"Camel",24921295
"Camel",14303437
"Camel",167998
"Camel",188995
"Camel",11311448
"Camel",11482198
"Camel",17643394
"Camel",96930599
"Camel",11505800
"Camel",5568
"Camel",13459
"Camel",5605193
"Camel",5605193
"Camel",46078539
"Camel",14303437
"Camel",5605193
"Camel",14303437
"Camel",14303437
"Camel",13459
"Camel",13459
"Camel",5605193
"Camel",14303437
"Camel",1197228
"Camel",5605193
"Camel",34667052
"Camel",3089426
"Camel",108603693
"Camel",5605193
"Camel",13459
"Camel",13459
"Camel",13459
"Camel",13459
"Camel",13459
"Camel",13459
"Camel",13459
"Camel",6926
"Camel",7526
"Camel",13459
"Camel",13459
"Camel",13459
"Camel",13459
"Camel",13459
"Camel",13459
"Camel",13459
"Camel",48205
"Camel",9818658
"Camel",13459
"Camel",13459
"Camel",13459
"Camel",93143243
"Camel",30645898
"Camel",13459
"Camel",13459
"Camel",13459
"Camel",13459
"Camel",19131
"Camel",6483532
"Camel",6483532
"Camel",106987354
"Camel",13459
"Camel",7751427
"Camel",15962618
"Camel",47113887
"Camel",4274142
"Camel",1197228
"Camel",1197228
"Camel",1197228
"Camel",1197228
"Camel",1197228
"Camel",1197228
"Camel",1197228
"Camel",1197228
"Camel",1197228
"Camel",1197228
"Camel",1197228
"Camel",1197228
"Camel",1197228
"Camel",1197228
"Camel",1197228
"Camel",1197228
"Camel",14303437
"Camel",19131
"Camel",25888980
"Camel",85144657
"Camel",118884662
"Camel",191436465
"Camel",191436465
"Camel",48205
"Camel",13459
"Camel",13459
"Camel",14303437
"Camel",66909022
"Camel",48205
"Camel",40093036
"Camel",19131
"Camel",5605193
"Camel",13459
"Camel",13459
"Camel",5605193
"Camel",22541604
"Camel",14303437
"Camel",6147681
"Camel",13459
"Camel",6563955
"Camel",18089905
"Camel",48205
"Camel",7751427
"Camel",33197711
"Camel",1637357
"Camel",166711
"Camel",6899019
"Camel",5605193
"Camel",26432570
"Camel",13224960
"Camel",68821314
"Camel",10820492
"Camel",13459
"Camel",8204653
"Camel",10119868
"Camel",13459
"Camel",5605193
"Camel",13459
"Camel",13459
"Camel",13459
"Camel",13459
"Camel",13459
"Camel",13459
"Camel",13459
"Camel",13459
"Camel",13459
"Camel",13459
"Camel",13459
"Camel",59920522
"Camel",13459
"Camel",13459
"Camel",5605193
"Camel",14299560
"Camel",13459
"Camel",65750
"Camel",13459
"Camel",60293062
"Camel",13459
"Camel",5605193
"Camel",53263316
"Camel",194818
"Camel",52470982
"Camel",14303437
"Camel",5605193
"Camel",5605193
"Camel",5605193
"Camel",5605193
"Camel",5605193
"Camel",5605193
"Camel",237030
"Camel",4813054
"Camel",13459
"Camel",5605193
"Camel",88482388
"Camel",113096954
"Camel",13459
"Camel",36447452
"Camel",14303437
"Camel",5605193
"Camel",5605193
"Camel",5605193
"Camel",30746787
"Camel",34866622
"Camel",92185
"Camel",16199489
"Camel",15153561
"Camel",19131
"Camel",2426765
"Camel",13459
"Camel",13459
"Camel",13459
"Camel",59098056
"Camel",14303437
"Camel",6708120
"Camel",19131
"Camel",13459
"Camel",37798238
"Camel",12201323
"Camel",58230634
"Camel",30354963
"Camel",5605193
"Camel",5605193
"Camel",5605193
"Camel",5605193
"Camel",5605193
"Camel",5605193
"Camel",5605193
"Camel",5605193
"Camel",5605193
"Camel",5605193
"Camel",5605193
"Camel",5605193
"Camel",5605193
"Camel",5605193
"Camel",5605193
"Camel",5605193
"Camel",1197228
"Camel",1197228
"Camel",1197228
"Camel",48235932
"Camel",13459
"Camel",5605193
"Camel",109398651
"Camel",191442581
"Camel",13459
"Camel",21410166
"Camel",22881026
"Camel",7856061
"Camel",13459
"Camel",1197228
"Camel",13459
"Camel",6653523
"Camel",6653523
"Camel",5605193
"Camel",5605193
"Camel",14942535
"Camel",30717147
"Camel",19131
"Camel",46782562
"Camel",5605193
"Camel",92185
"Camel",13459
"Camel",18378220
"Camel",5605193
"Camel",51777424
"Camel",80738029
"Camel",5605193
"Camel",5605193
"Camel",5605193
"Camel",5605193
"Camel",5605193
"Camel",5605193
"Camel",31633254
"Camel",38739494
"Camel",104845047
"Camel",6483532
"Camel",6483532
"Camel",5605193
"Camel",1197228
"Camel",13459
"Camel",13459
"Camel",13459
"Camel",13459
"Camel",13459
"Camel",13459
"Camel",1197228
"Camel",5605193
"Camel",13459
"Camel",13459
"Camel",13459
"Camel",13459
"Camel",13459
"Camel",19131
"Camel",13459
"Camel",13459
"Camel",13459
"Camel",13459
"Camel",13459
"Camel",13459
"Camel",13459
"Camel",13459
"Camel",13459
"Camel",13459
"Camel",22881026
"Camel",13459
"Camel",13459
"Camel",13459
"Camel",10627150
"Camel",48205
"Camel",76395855
"Camel",41778573
"Camel",19131
"Camel",13459
"Camel",13459
"Camel",14303437
"Camel",19131
"Camel",19131
"Camel",13459
"Camel",5605193
"Camel",5605193
"Camel",5605193
"Camel",5605193
"Camel",5605193
"Camel",19131
"Camel",19131
"Camel",13459
"Camel",13459
"Camel",48205
"Camel",19131
"Camel",13459
"Camel",6147681
"Camel",13459
"Camel",13459
"Camel",13459
"Camel",5605193
"Camel",5605193
"Camel",13459
"Camel",13459
"Camel",13459
"Camel",13459
"Camel",5605193
"Camel",13459
"Camel",5605193
"Camel",5605193
"Camel",19131
"Camel",13459
"Camel",13459
"Camel",13459
"Camel",31045938
"Camel",1868869
"Camel",32599638
"Camel",6899019
"Camel",28450200
"Camel",5394173
"Camel",13459
"Camel",13459
"Camel",13459
"Camel",13459
"Camel",17854048
"Camel",19131
"Camel",13459
"Camel",19131
"Camel",19131
"Camel",19131
"Camel",63368001
"Camel",5605193
"Camel",5605193
"Camel",40562482
"Camel",40562482
"Camel",28949784
"Camel",30427
"Camel",10599279
"Camel",10104660
"Camel",872624
"Camel",63368001
"Camel",5605193
"Camel",13459
"Camel",6483532
"Camel",132354743
"Camel",13459
"Camel",13459
"Camel",328407
"Camel",328407
"Camel",13459
"Camel",5605193
"Camel",402478
"Camel",22881026
"Camel",5605193
"Camel",19577451
"Camel",5605193
"Camel",13494
"Camel",15249899
"Camel",13094569
"Camel",40916013
"Camel",22881026
"Camel",20457400
"Camel",79759798
"Camel",19131
"Camel",8761
"Camel",8761
"Camel",14303437
"Camel",14303437
"Camel",22881026
"Camel",2842404
"Camel",22881026
"Camel",3953514
"Camel",19820752
"Camel",22923872
"Camel",14303437
"Camel",19131
"Camel",5605193
"Camel",5605193
"Camel",5605193
"Camel",5605193
"Camel",5605193
"Camel",5605193
"Camel",5605193
"Camel",5605193
"Camel",2426765
"Camel",19131
"Camel",48205
"Camel",5605193
"Camel",13459
"Camel",14303437
"Camel",13459
"Camel",14303437
"Camel",134615433
"Camel",14303437
"Camel",13459
"Camel",14303437
"Camel",134615433
"Camel",30354963
"Camel",30354963
"Camel",19131
"Camel",30354963
"Camel",4597611
"Camel",25735446
"Camel",237030
"Camel",82203840
"Camel",82203840
"Camel",25735446
"Camel",5649010
"Camel",5605193
"Camel",38459700
"Camel",13459
"Camel",13459
"Camel",2296214
"Camel",29521348
"Camel",13459
"Camel",9158590
"Camel",13459
"Camel",25325210
"Camel",13459
"Camel",13459
"Camel",13459
"Camel",13459
"Camel",13459
"Camel",13459
"Camel",13459
"Camel",13459
"Camel",13459
"Camel",13459
"Camel",13459
"Camel",13459
"Camel",13459
"Camel",13459
"Camel",13459
"Camel",13459
"Camel",13459
"Camel",48205
"Camel",13459
"Camel",13459
"Camel",13459
"Camel",530462
"Camel",13459
"Camel",19131
"Camel",13459
"Camel",19131
"Camel",36644159
"Camel",13459
"Camel",13459
"Camel",5605193
"Camel",13459
"Camel",13459
"Camel",13459
"Camel",13459
"Camel",13459
"Camel",13459
"Camel",13459
"Camel",13459
"Camel",13459
"Camel",13459
"Camel",13459
"Camel",13459
"Camel",13459
"Camel",13459
"Camel",13459
"Camel",5605193
"Camel",13459
"Camel",13459
"Camel",13459
"Camel",14303437
"Camel",29521348
"Camel",13459
"Camel",13459
"Camel",13459
"Camel",13459
"Camel",22881026
"Camel",13459
"Camel",30554
"Camel",204821164
"Camel",1197228
"Camel",1197228
"Camel",1197228
"Camel",1197228
"Camel",1197228
"Camel",1197228
"Camel",4274142
"Camel",19131
"Camel",19131
"Camel",31633254
"Camel",32052971
"Camel",5605193
"Camel",19404912
"Camel",6483532
"Camel",5605193
"Camel",5605193
"Camel",13459
"Camel",13459
"Camel",13459
"Camel",5605193
"Camel",19577451
"Camel",5605193
"Camel",8718808
"Camel",13459
"Camel",13459
"Camel",127247
"Camel",5605193
"Camel",13459
"Camel",22881026
"Camel",146985680
"Camel",53263316
"Camel",6147681
"Camel",5605193
"Camel",13459
"Camel",5605193
"Camel",446823
"Camel",5605193
"Camel",13459
"Camel",29783205
"Camel",105705297
"Camel",9160392
"Camel",5605193
"Camel",5605193
"Camel",5605193
"Camel",13459
"Camel",13459
"Camel",5605193
"Camel",5605193
"Camel",5605193
"Camel",5605193
"Camel",13459
"Camel",8713392
"Camel",19131
"Camel",10802193
"Camel",13459
"Camel",5605193
"Camel",19570326
"Camel",80738029
"Camel",5605193
"Camel",25098099
"Camel",6483532
"Camel",253183642
"Camel",5605193
"Camel",15277816
"Camel",13459
"Camel",45398431
"Camel",22881026
"Camel",19131
"Camel",30427
"Camel",13057046
"Camel",45285609
"Camel",65344520
"Camel",87519
"Camel",12445129
"Camel",53263316
"Camel",18454962
"Camel",2269
"Camel",19577451
"Camel",64458875
"Camel",5605193
"Camel",5605193
"Camel",13459
"Camel",5605193
"Camel",13459
"Camel",5605193
"Camel",5605193
"Camel",5605193
"Camel",5605193
"Camel",5605193
"Camel",14303437
"Camel",14303437
"Camel",43861141
"Camel",58417
"Camel",13459
"Camel",5605193
"Camel",5605193
"Camel",5605193
"Camel",5605193
"Camel",2408791
"Camel",5605193
"Camel",5605193
"Camel",5605193
"Camel",2838113
"Camel",8448327
"Camel",27650985
"Camel",13459
"Camel",13459
"Camel",2749088
"Camel",5605193
"Camel",19131
"Camel",5605193
"Camel",19820752
"Camel",5605193
"Camel",25453904
"Camel",1899495
"Camel",5605193
"Camel",5605193
"Camel",13459
"Camel",5605193
"Camel",22881026
"Camel",5605193
"Camel",134615433
"Camel",27239436
"Camel",82203840
"Camel",5649010
"Camel",5605193
"Camel",5605193
"Camel",14303437
"Camel",82203840
"Camel",5605193
"Camel",5605193
"Camel",5605193
"Camel",52369027
"Camel",52369027
"Camel",6483532
"Camel",14303437
"Camel",13459
"Camel",13459
"Camel",13459
"Camel",13459
"Camel",13459
"Camel",13459
"Camel",13459
"Camel",16897803
"Camel",13459
"Camel",13459
"Camel",13459
"Camel",13459
"Camel",13459
"Camel",13459
"Camel",13459
"Camel",13459
"Camel",13459
"Camel",13459
"Camel",13459
"Camel",13459
"Camel",13459
"Camel",13459
"Camel",13459
"Camel",13459
"Camel",13459
"Camel",13459
"Camel",13459
"Camel",13459
"Camel",13459
"Camel",13459
"Camel",13459
"Camel",13459
"Camel",13459
"Camel",13459
"Camel",13459
"Camel",13459
"Camel",13459
"Camel",13459
"Camel",13459
"Camel",13459
"Camel",13459
"Camel",13459
"Camel",13459
"Camel",13459
"Camel",13459
"Camel",13459
"Camel",13459
"Camel",13459
"Camel",13459
"Camel",13459
"Camel",13459
"Camel",13459
"Camel",13459
"Camel",13459
"Camel",13459
"Camel",13459
"Camel",13459
"Camel",13459
"Camel",13459
"Camel",13459
"Camel",13459
"Camel",13459
"Camel",13459
"Camel",19975419
"Camel",13459
"Camel",13459
"Camel",13459
"Camel",48205
"Camel",13459
"Camel",48205
"Camel",13459
"Camel",13459
"Camel",13459
"Camel",9818658
"Camel",13459
"Camel",184970
"Camel",13459
"Camel",19131
"Camel",530462
"Camel",13459
"Camel",19131
"Camel",20741190
"Camel",8552
"Camel",48205
"Camel",13459
"Camel",6874983
"Camel",5605193
"Camel",13224960
"Camel",19131
"Camel",13459
"Camel",13459
"Camel",13459
"Camel",13459
"Camel",5605193
"Camel",13459
"Camel",100702587
"Camel",13459
"Camel",13459
"Camel",13459
"Camel",13459
"Camel",13459
"Camel",13459
"Camel",13459
"Camel",13459
"Camel",13459
"Camel",13459
"Camel",13459
"Camel",13459
"Camel",13459
"Camel",13459
"Camel",13459
"Camel",13459
"Camel",13459
"Camel",13459
"Camel",13459
"Camel",13459
"Camel",13459
"Camel",13459
"Camel",5605193
"Camel",22881026
"Camel",5605193
"Camel",39054
"Camel",13459
"Camel",13459
"Camel",5605193
"Camel",5605193
"Camel",13459
"Camel",13459
"Camel",13459
"Camel",13459
"Camel",13459
"Camel",13459
"Camel",13459
"Camel",193632
"Camel",13459
"Camel",13459
"Camel",5605193
"Camel",13459
"Camel",130914
"Camel",13459
"Camel",39075655
"Camel",13459
"Camel",13459
"Camel",13459
"Camel",13459
"Camel",13459
"Camel",13459
"Camel",13459
"Camel",25098099
"Camel",21410166
"Camel",90513836
"Camel",48205
"Camel",10247075
"Camel",1868869
"Camel",48982646
"Camel",14303437
"Camel",19131
"Camel",13459
"Camel",13459
"Camel",13885436
"Camel",13459
"Camel",13459
"Camel",53595727
"Camel",5605193
"Camel",5605193
"Camel",19570326
"Camel",19577451
"Camel",5605193
"Camel",5605193
"Camel",13459
"Camel",5605193
"Camel",5605193
"Camel",90513836
"Camel",79759798
"Camel",5605193
"Camel",22541604
"Camel",13459
"Camel",5605193
"Camel",48205
"Camel",48205
"Camel",1320795
"Camel",48205
"Camel",48205
"Camel",48205
"Camel",5605193
"Camel",71236150
"Camel",65196686
"Camel",19131
"Camel",19131
"Camel",5605193
"Camel",5605193
"Camel",5207168
"Camel",4274142
"Camel",1194684
"Camel",19131
"Camel",22881026
"Camel",61872052
"Camel",13459
"Camel",61872052
"Camel",19131
"Camel",39844499
"Camel",1197228
"Camel",5605193
"Camel",13459
"Camel",5605193
"Camel",5605193
"Camel",25453904
"Camel",25453904
"Camel",25453904
"Camel",13459
"Camel",204821164
"Camel",1197228
"Camel",1197228
"Camel",40562482
"Camel",13459
"Camel",13459
"Camel",13459
"Camel",13459
"Camel",1197228
"Camel",13459
"Camel",13459
"Camel",1197228
"Camel",1197228
"Camel",1197228
"Camel",1197228
"Camel",1197228
"Camel",5605193
"Camel",5605193
"Camel",1197228
"Camel",1197228
"Camel",1197228
"Camel",5605193
"Camel",5605193
"Camel",5605193
"Camel",5605193
"Camel",204667469
"Camel",1197228
"Camel",4274142
"Camel",4274142
"Camel",1197228
"Camel",1197228
"Camel",5605193
"Camel",5605193
"Camel",5605193
"Camel",1197228
"Camel",5605193
"Camel",26670301
"Camel",191680886
"Camel",6483532
"Camel",192464370
"Camel",13459
"Camel",1197228
"Camel",1197228
"Camel",14303437
"Camel",22881026
"Camel",13459
"Camel",1197228
"Camel",1197228
"Camel",5605193
"Camel",53263316
"Camel",6708120
"Camel",40170573
"Camel",19131
"Camel",6708120
"Camel",1197228
"Camel",1197228
"Camel",19577451
"Camel",1197228
"Camel",1197228
"Camel",1197228
"Camel",5605193
"Camel",19131
"Camel",14303437
"Camel",13459
"Camel",1197228
"Camel",5605193
"Camel",5605193
"Camel",5605193
"Camel",85144657
"Camel",10627150
"Camel",13459
"Camel",13459
"Camel",5605193
"Camel",30746787
"Camel",13459
"Camel",154665
"Camel",1640316
"Camel",12529168
"Camel",1642758
"Camel",1642758
"Camel",55550632
"Camel",5605193
"Camel",28450200
"Camel",55550632
"Camel",55550632
"Camel",55550632
"Camel",74356700
"Camel",34397656
"Camel",26565260
"Camel",75301906
"Camel",3992476
"Camel",1543264
"Camel",13459
"Camel",15646818
"Camel",13459
"Camel",929792
"Camel",13459
"Camel",13459
"Camel",21873985
"Camel",19812123
"Camel",19812123
"Camel",19131
"Camel",19131
"Camel",19131
