project,commit_hash,author_name,author_email,author_date,version_path,comment_text,start_line,end_line,introduced_version_commit_hash,introduced_version_author,introduced_version_date,removed_version_commit_hash,has_removed_version,removed_version_author,removed_version_date,interval_time_to_remove,epoch_time_to_remove
Log4j project,7bd0c413a7902328b3e48de73486b7076ae0efbb,Ceki Gulcu ,ceki@apache.org,2002-04-26 12:31,src/java/org/apache/log4j/helpers/Transform.java,//Use a StringBuffer in lieu of String concatenation -- it is //much more efficient this way.,37,38,7bd0c413a7902328b3e48de73486b7076ae0efbb,Ceki Gulcu ,2002-04-26 12:31,,f,,,,
Log4j project,3605f1464cd0ddde0bca8aa270fbe6e6e63edaaa,Ceki Gulcu ,ceki@apache.org,2004-11-16 20:29,src/java/org/apache/log4j/joran/JoranConfigurator.java,// FIXME: What happens if the users wanted to set the additivity flag // to false in the config file? We are now potentially overriding her  // wishes but I don't see any other way.,256,258,3605f1464cd0ddde0bca8aa270fbe6e6e63edaaa,Ceki Gulcu ,2004-11-16 20:29,5ce8c4d34da5f4ff1dff4092589833e8fa6c56a9,t,Ceki Gulcu ,2004-11-17 17:39,21:09:20,76160
Log4j project,abb0a73e829f759efc325177b534aa6b5e746b1d,Ceki Gulcu ,ceki@apache.org,2003-05-19 12:19,src/java/org/apache/log4j/rolling/SlidingWindowRollingPolicy.java,"// TODO: compress the currently active file (minIndex) into minIndex+1 //Util.rename( //fileNamePattern.convert(minIndex), //fileNamePattern.convert(minIndex + 1));",103,106,abb0a73e829f759efc325177b534aa6b5e746b1d,Ceki Gulcu ,2003-05-19 12:19,579d6f525526f317fa3cccd4bf8cbf11e8023361,t,Ceki Gulcu ,2003-05-19 13:50,1:30:33,5433
Log4j project,e932b0f81efea5a6372513e317a4e753c8335ed2,Paul Jeffrey Smith ,psmith@apache.org,2003-06-25 4:05,src/java/org/apache/log4j/chainsaw/ChainsawToolBarAndMenus.java,"//	TODO think of some mnemonics and HotKeys for this action",970,970,e932b0f81efea5a6372513e317a4e753c8335ed2,Paul Jeffrey Smith ,2003-06-25 4:05,0c831191c19467e54fa8f30e640d8e41e4e99328,t,Paul Jeffrey Smith ,2005-02-25 3:17,1 year 7 mons 29 days 23:12:10,52290730
Log4j project,7bd0c413a7902328b3e48de73486b7076ae0efbb,Ceki Gulcu ,ceki@apache.org,2002-04-26 12:31,src/java/org/apache/log4j/helpers/Transform.java,//Use a StringBuffer in lieu of String concatenation -- it is //much more efficient this way.,37,38,7bd0c413a7902328b3e48de73486b7076ae0efbb,Ceki Gulcu ,2002-04-26 12:31,8d15fcd9068d1e762b488bfc0d6fec3f0e6671fe,t,Curtis William Arnold ,2007-05-14 19:48,5 years 18 days 07:16:48,159369408
Log4j project,e932b0f81efea5a6372513e317a4e753c8335ed2,Paul Jeffrey Smith ,psmith@apache.org,2003-06-25 4:05,src/java/org/apache/log4j/chainsaw/ChainsawStatusBar.java,//    TODO and maybe play a sound?,261,261,e932b0f81efea5a6372513e317a4e753c8335ed2,Paul Jeffrey Smith ,2003-06-25 4:05,0c831191c19467e54fa8f30e640d8e41e4e99328,t,Paul Jeffrey Smith ,2005-02-25 3:17,1 year 7 mons 29 days 23:12:10,52290730
Log4j project,654f33b2f16afa399586d0c69e0d0fd1665656db,Paul Jeffrey Smith ,psmith@apache.org,2004-05-20 3:58,src/java/org/apache/log4j/chainsaw/vfs/DirectoryListTableModel.java,// TODO format should come from a preference model,102,102,654f33b2f16afa399586d0c69e0d0fd1665656db,Paul Jeffrey Smith ,2004-05-20 3:58,0c831191c19467e54fa8f30e640d8e41e4e99328,t,Paul Jeffrey Smith ,2005-02-25 3:17,9 mons 4 days 23:19:26,23757566
Log4j project,092e79cd773f99af3a934f93d4c1841889e3f168,Ceki Gulcu ,ceki@apache.org,2002-04-26 15:48,src/java/org/apache/log4j/lf5/viewer/FilteredLogTableModel.java,"// We don't want the amount of rows to grow without bound, // leading to a out-of-memory-exception.  Especially not good // in a production environment :)",211,213,092e79cd773f99af3a934f93d4c1841889e3f168,Ceki Gulcu ,2002-04-26 15:48,eddf09c6b65dc0f075da20eaac99e8416caeb646,t,Ceki Gulcu ,2004-11-02 14:31,2 years 6 mons 5 days 22:43:11,79180991
Log4j project,679aa15746508e08c36a7b2e32463c8096a6a9b5,Paul Jeffrey Smith ,psmith@apache.org,2003-06-29 22:57,src/java/org/apache/log4j/chainsaw/LogUI.java,//            TODO This could be done and look better in a custom Dialog,567,567,679aa15746508e08c36a7b2e32463c8096a6a9b5,Paul Jeffrey Smith ,2003-06-29 22:57,76c5f0f0ea04e508126eb052f3787b662ace594d,t,Paul Jeffrey Smith ,2003-08-28 5:39,1 mon 28 days 06:41:09,5035269
Log4j project,3df2c311b8c5fbaa0b3375aa5b0bc1d3733f9bb2,Ceki Gulcu ,ceki@apache.org,2005-01-07 20:47,src/java/org/apache/log4j/LogManager.java,// The following static initializer gets invoked immediately after a call to  // Logger.getLogger() is made. Here is a description of the static initializer. //  // create defaultLoggerRepository // configure(defaultLoggerRepository) depending on system properties // during the configuration of defaultLoggerRepository a temporary repository  // selector is used. // // ,64,72,3df2c311b8c5fbaa0b3375aa5b0bc1d3733f9bb2,Ceki Gulcu ,2005-01-07 20:47,ef8533d6c669647b9db34297fd9219e72f698c88,t,Mark Dwayne Womack ,2005-05-24 5:06,4 mons 16 days 08:18:47,11780327
Log4j project,2586dda3d3d2d78414119dd9c49a734ce1b5a8d2,Ceki Gulcu ,ceki@apache.org,2001-01-22 10:57,src/java/org/apache/log4j/spi/LoggingEvent.java,"// writing directly the Class object would be nicer, except that // serialized a Class object can not be read back by JDK // 1.1.x. We have to resort to this hack instead.",240,242,2586dda3d3d2d78414119dd9c49a734ce1b5a8d2,Ceki Gulcu ,2001-01-22 10:57,,f,,,,
Log4j project,21c50bd181a2b62ade54f2ab926b2da30bc23311,Ceki Gulcu ,ceki@apache.org,2002-05-09 15:43,src/java/org/apache/log4j/spi/LoggingEvent.java,"// Note that we use Class.getDeclaredMethod instead of // Class.getMethod. This assumes that the Level subclass // implements the toLevel(int) method which is a // requirement. Actually, it does not make sense for Level // subclasses NOT to implement this method. Also note that // only Level can be subclassed and not Priority.",311,316,21c50bd181a2b62ade54f2ab926b2da30bc23311,Ceki Gulcu ,2002-05-09 15:43,,f,,,,
Log4j project,52991087d7eb4a160d14f7d7193ae877777ff51a,Paul Jeffrey Smith ,psmith@apache.org,2003-12-18 21:41,src/java/org/apache/log4j/chainsaw/receivers/PluginPropertyEditorPanel.java,// TODO handle else condition,138,138,52991087d7eb4a160d14f7d7193ae877777ff51a,Paul Jeffrey Smith ,2003-12-18 21:41,2cd6937d8ca2245d854a4121ddcbab9c4cbb3db4,t,Paul Jeffrey Smith ,2003-12-19 3:21,5:39:51,20391
Log4j project,a06357e45797002cb00c6c23590b20f68665c149,Paul Jeffrey Smith ,psmith@apache.org,2004-05-22 8:06,src/java/org/apache/log4j/chainsaw/vfs/VFSPlugin.java,//        TODO Work out WTF is going on with this PopupListener not being // picked up.... //        TODO Work out WTF is going on with the split pane and the setVisible // like it used to do in LogPanel,221,224,a06357e45797002cb00c6c23590b20f68665c149,Paul Jeffrey Smith ,2004-05-22 8:06,0c831191c19467e54fa8f30e640d8e41e4e99328,t,Paul Jeffrey Smith ,2005-02-25 3:17,9 mons 2 days 19:10:59,23569859
Log4j project,554511eabc7fa964de70990882050bdd4ed73b5e,Paul Jeffrey Smith ,psmith@apache.org,2003-09-10 3:18,src/java/org/apache/log4j/chainsaw/LogPanel.java,"//	TODO undocked toolbar is broken       //      f.getContentPane().add( //        logUI.getToolBarAndMenus().createDockwindowToolbar(f, this), BorderLayout.NORTH);",764,766,554511eabc7fa964de70990882050bdd4ed73b5e,Paul Jeffrey Smith ,2003-09-10 3:18,adafc1e6d9bf474c6f666a2afd1f6c9a7f888692,t,Paul Jeffrey Smith ,2003-09-17 1:31,6 days 22:13:03,598383
Log4j project,d192ca52485990a035b7ef84cea67a6743ad3d47,Ceki Gulcu ,ceki@apache.org,2005-01-08 13:14,src/java/org/apache/log4j/helpers/OptionConverter.java,// TODO: this method should be removed if OptionConverter becomes a static,61,61,d192ca52485990a035b7ef84cea67a6743ad3d47,Ceki Gulcu ,2005-01-08 13:14,7c8d2d6732c10a519ac231edb406c97a38abc182,t,Curtis William Arnold ,2008-08-15 5:53,3 years 7 mons 6 days 16:39:52,113395192
Log4j project,1a29e3ec91205f488d5ad379ecf61282a520bb2c,Ceki Gulcu ,ceki@apache.org,2002-03-25 22:05,src/java/org/apache/log4j/net/SocketHubAppender.java,"// catch this, but just don't assign a value // this should not really occur as this method is // the only one that can remove oos's (besides cleanUp).",186,188,1a29e3ec91205f488d5ad379ecf61282a520bb2c,Ceki Gulcu ,2002-03-25 22:05,8d15fcd9068d1e762b488bfc0d6fec3f0e6671fe,t,Curtis William Arnold ,2007-05-14 19:48,5 years 1 mon 19 days 21:42:54,162099774
Log4j project,e932b0f81efea5a6372513e317a4e753c8335ed2,Paul Jeffrey Smith ,psmith@apache.org,2003-06-25 4:05,src/java/org/apache/log4j/chainsaw/LogUI.java,//          TODO should also tidy up any other references to things... Might need to be able to recover this pane again...,496,496,e932b0f81efea5a6372513e317a4e753c8335ed2,Paul Jeffrey Smith ,2003-06-25 4:05,ddd173fcdb476c83256f72efa862edfb0275dab5,t,Scott Deboy ,2003-07-20 15:41,25 days 11:36:24,2201784
Log4j project,53a315279bd3541c2bcbece3a4a9d6ba5c5bcd7d,Paul Jeffrey Smith ,psmith@apache.org,2003-09-26 8:16,src/java/org/apache/log4j/chainsaw/LogPanel.java,"//    TODO This is a Bug or something, but InputEvent.CTRL_DOWN_MASK only works // in JDK 1.4.2 when the LoggerTreePanel is open, if it is closed, it doesn't work... CTRL_DOWN_MASK // is ok though... Strange. Copied the mask from 1.4.2 here",1908,1910,53a315279bd3541c2bcbece3a4a9d6ba5c5bcd7d,Paul Jeffrey Smith ,2003-09-26 8:16,ac9e0003d5766df2f9f5b4052e3dd968911bd4fc,t,Scott Deboy ,2003-12-08 6:00,2 mons 11 days 21:43:54,6212634
Log4j project,e932b0f81efea5a6372513e317a4e753c8335ed2,Paul Jeffrey Smith ,psmith@apache.org,2003-06-25 4:05,src/java/org/apache/log4j/chainsaw/LogUI.java,//          TODO should also tidy up any other references to things... Might need to be able to recover this pane again...,496,496,e932b0f81efea5a6372513e317a4e753c8335ed2,Paul Jeffrey Smith ,2003-06-25 4:05,ddd173fcdb476c83256f72efa862edfb0275dab5,t,Scott Deboy ,2003-07-20 15:41,25 days 11:36:24,2201784
Log4j project,0f5f5baf2d50a23710365d884520a4861df4b9b7,Paul Jeffrey Smith ,psmith@apache.org,2003-09-03 5:50,src/java/org/apache/log4j/chainsaw/LogUI.java,//        TODO fix up this Set Cast-O-Rama //also add it to the unique values list,2360,2361,0f5f5baf2d50a23710365d884520a4861df4b9b7,Paul Jeffrey Smith ,2003-09-03 5:50,554511eabc7fa964de70990882050bdd4ed73b5e,t,Paul Jeffrey Smith ,2003-09-10 3:18,6 days 21:28:32,595712
Log4j project,679aa15746508e08c36a7b2e32463c8096a6a9b5,Paul Jeffrey Smith ,psmith@apache.org,2003-06-29 22:57,src/java/org/apache/log4j/chainsaw/LogUI.java,//              TODO search for Log4j config            ,583,583,679aa15746508e08c36a7b2e32463c8096a6a9b5,Paul Jeffrey Smith ,2003-06-29 22:57,76c5f0f0ea04e508126eb052f3787b662ace594d,t,Paul Jeffrey Smith ,2003-08-28 5:39,1 mon 28 days 06:41:09,5035269
Log4j project,679aa15746508e08c36a7b2e32463c8096a6a9b5,Paul Jeffrey Smith ,psmith@apache.org,2003-06-29 22:57,src/java/org/apache/log4j/chainsaw/LogUI.java,//              TODO search for Log4j config            ,583,583,679aa15746508e08c36a7b2e32463c8096a6a9b5,Paul Jeffrey Smith ,2003-06-29 22:57,76c5f0f0ea04e508126eb052f3787b662ace594d,t,Paul Jeffrey Smith ,2003-08-28 5:39,1 mon 28 days 06:41:09,5035269
Log4j project,0f5f5baf2d50a23710365d884520a4861df4b9b7,Paul Jeffrey Smith ,psmith@apache.org,2003-09-03 5:50,src/java/org/apache/log4j/chainsaw/LogUI.java,//    TODO remove this when ready,316,316,0f5f5baf2d50a23710365d884520a4861df4b9b7,Paul Jeffrey Smith ,2003-09-03 5:50,e839435777099eff5f45032f153d97aac6b871e7,t,Paul Jeffrey Smith ,2003-09-22 7:02,19 days 01:12:58,1645978
Log4j project,adafc1e6d9bf474c6f666a2afd1f6c9a7f888692,Paul Jeffrey Smith ,psmith@apache.org,2003-09-17 1:31,src/java/org/apache/log4j/chainsaw/LogPanel.java,"//			TODO need to work out how to suspend the DocumentChangeListener reFilter temporarily while this bit updates",480,480,adafc1e6d9bf474c6f666a2afd1f6c9a7f888692,Paul Jeffrey Smith ,2003-09-17 1:31,f8d25ba4a3689d3c8e9aa06b4ef100113bcbd5f3,t,Scott Deboy ,2004-01-25 11:06,4 mons 8 days 09:35:23,11093723
Log4j project,5f1358759db4a4bb599f835af6a13afc21d9565e,Paul Jeffrey Smith ,psmith@apache.org,2004-05-15 6:32,src/java/org/apache/log4j/chainsaw/LogUI.java,"//    TODO this should also be fixed up, as VFS bits and pieces might not be built in an Ant build when they don't have all the VFS jars local",365,365,5f1358759db4a4bb599f835af6a13afc21d9565e,Paul Jeffrey Smith ,2004-05-15 6:32,0c831191c19467e54fa8f30e640d8e41e4e99328,t,Paul Jeffrey Smith ,2005-02-25 3:17,9 mons 9 days 20:44:50,24180290
Log4j project,092e79cd773f99af3a934f93d4c1841889e3f168,Ceki Gulcu ,ceki@apache.org,2002-04-26 15:48,src/java/org/apache/log4j/lf5/viewer/FilteredLogTableModel.java,"// We don't want the amount of rows to grow without bound, // leading to a out-of-memory-exception.  Especially not good // in a production environment :)",211,213,092e79cd773f99af3a934f93d4c1841889e3f168,Ceki Gulcu ,2002-04-26 15:48,697be9a5b21445cf658e8a39c1178474c467a175,t,Christian Grobmeier ,2012-05-30 5:18,10 years 1 mon 3 days 13:29:51,318475791
Log4j project,0f5f5baf2d50a23710365d884520a4861df4b9b7,Paul Jeffrey Smith ,psmith@apache.org,2003-09-03 5:50,src/java/org/apache/log4j/chainsaw/LogUI.java,//        TODO fix up this Set Cast-O-Rama //also add it to the unique values list,2360,2361,0f5f5baf2d50a23710365d884520a4861df4b9b7,Paul Jeffrey Smith ,2003-09-03 5:50,0cc749b722a851cd985cfaa98c143c9535355ff5,t,Scott Deboy ,2003-09-09 7:00,6 days 01:10:38,522638
Log4j project,2046d0782fcec9b8c00f96f8bb6f4364239cf42e,Ceki Gulcu ,ceki@apache.org,2003-05-14 18:20,src/java/org/apache/log4j/rolling/SlidingWindowRollingPolicy.java,// TODO: compress the currently active file (minIndex) into minIndex+1,102,102,2046d0782fcec9b8c00f96f8bb6f4364239cf42e,Ceki Gulcu ,2003-05-14 18:20,abb0a73e829f759efc325177b534aa6b5e746b1d,t,Ceki Gulcu ,2003-05-19 12:19,4 days 17:59:09,410349
Log4j project,559f0829327009ee2d5172011d18056827ff8f62,Ceki Gulcu ,ceki@apache.org,2004-11-23 16:30,src/java/org/apache/log4j/rolling/SlidingWindowRollingPolicy.java,// TODO This is clearly bogus.,115,115,559f0829327009ee2d5172011d18056827ff8f62,Ceki Gulcu ,2004-11-23 16:30,e6d0c5a232e2d63de06f5b588cf7c1837141b78a,t,Ceki Gulcu ,2004-12-08 15:33,14 days 23:03:09,1292589
Log4j project,b702f7145d3f660ac350ec862df9e8e913c1fffa,Ceki Gulcu ,ceki@apache.org,2001-01-20 16:02,src/java/org/apache/log4j/spi/LoggingEvent.java,"// writing the Class would be nicer, except that serialized // classed can not be read back by JDK 1.1.x. We have to resort // to this hack instead.",195,197,b702f7145d3f660ac350ec862df9e8e913c1fffa,Ceki Gulcu ,2001-01-20 16:02,2586dda3d3d2d78414119dd9c49a734ce1b5a8d2,t,Ceki Gulcu ,2001-01-22 10:57,1 day 18:55:07,154507
Log4j project,092e79cd773f99af3a934f93d4c1841889e3f168,Ceki Gulcu ,ceki@apache.org,2002-04-26 15:48,src/java/org/apache/log4j/lf5/viewer/LogTable.java,//TODO: Defineable Views.,128,128,092e79cd773f99af3a934f93d4c1841889e3f168,Ceki Gulcu ,2002-04-26 15:48,eddf09c6b65dc0f075da20eaac99e8416caeb646,t,Ceki Gulcu ,2004-11-02 14:31,2 years 6 mons 5 days 22:43:11,79180991
Log4j project,caa8e432af35512216b58492e3d8499f7262e109,Ceki Gulcu ,ceki@apache.org,2001-10-11 15:10,src/java/org/apache/log4j/helpers/Loader.java,// We could not find resource. Ler us now try with the // classloader that loaded this class.,78,79,caa8e432af35512216b58492e3d8499f7262e109,Ceki Gulcu ,2001-10-11 15:10,,f,,,,
Log4j project,83789080afce360d9e7735445cfd0cd1dc2ca54f,Paul Jeffrey Smith ,psmith@apache.org,2004-05-22 8:02,src/java/org/apache/log4j/chainsaw/vfs/VFSPluginPreferenceModel.java,"//    TODO other ideas for preview preferences : ""Auto Preview"" and ""No Auto Preview if size > X"" //    Some of these preferences might need to be VFS Repository specific",9,10,83789080afce360d9e7735445cfd0cd1dc2ca54f,Paul Jeffrey Smith ,2004-05-22 8:02,0c831191c19467e54fa8f30e640d8e41e4e99328,t,Paul Jeffrey Smith ,2005-02-25 3:17,9 mons 2 days 19:14:58,23570098
Log4j project,ce1a5b525e7b67ab216b383b66e3f32372cc0f69,Ceki Gulcu ,ceki@apache.org,2004-05-26 15:36,src/java/org/apache/log4j/db/DBAppender2.java,// TODO CG better errorHandling code here // no point in continuing,218,219,ce1a5b525e7b67ab216b383b66e3f32372cc0f69,Ceki Gulcu ,2004-05-26 15:36,d0edd1a0f5acc79749f07445528b5366c380cfcc,t,Curtis William Arnold ,2005-02-11 23:14,8 mons 16 days 07:38:17,22145897
Log4j project,2029de5a9357d7ca66c3ebee96058451cc4b0795,Ceki Gulcu ,ceki@apache.org,2004-12-30 20:44,src/java/org/apache/ugli/LoggerFactory.java,// TODO consider falling back on something more meaningful,70,70,2029de5a9357d7ca66c3ebee96058451cc4b0795,Ceki Gulcu ,2004-12-30 20:44,b2e9427940645275b0d16ddfce116d180ababb0e,t,Ceki Gulcu ,2005-02-10 12:19,1 mon 10 days 15:34:29,3512069
Log4j project,4e7121c85b7353a8dff17f7669c270ad963763a6,Ceki Gulcu ,ceki@apache.org,2000-12-14 9:16,src/java/org/apache/log4j/test/Shallow.java,// It is always a good idea to call this method when exiting an // application.,87,88,4e7121c85b7353a8dff17f7669c270ad963763a6,Ceki Gulcu ,2000-12-14 9:16,5acb6467f22f695ff58ff1116943e90eaca679c4,t,Curtis William Arnold ,2007-02-21 16:53,6 years 2 mons 7 days 07:36:13,195161773
Log4j project,200bdbf75b61b68118ab32bd793ef035846b78f5,Curtis William Arnold ,carnold@apache.org,2005-03-08 22:32,src/java/org/apache/log4j/AppenderSkeleton.java,"/**   *   Synonym for activateOptions.   *   @deprecated TODO: this weird signature is an attempt to flush   * out the remaining uses of activate since mixing activate and   * activateOptions can lead to very bad things.   */",112,117,200bdbf75b61b68118ab32bd793ef035846b78f5,Curtis William Arnold ,2005-03-08 22:32,9cbe0056df7627bf47b99df046e8b27a101511d3,t,Curtis William Arnold ,2005-05-23 0:21,2 mons 14 days 01:48:58,6400138
Log4j project,2633cc86eeae1947fa08d7b907c5030bb4f456a7,Ceki Gulcu ,ceki@apache.org,2003-05-13 22:32,src/java/org/apache/log4j/rolling/helpers/FileNamePatternParser.java,"// At this stage, we can suppose that i < len -1",109,109,2633cc86eeae1947fa08d7b907c5030bb4f456a7,Ceki Gulcu ,2003-05-13 22:32,af97c9ee085a698d9ea3530bc7234b53f969907b,t,Ceki Gulcu ,2003-05-21 19:00,7 days 20:27:11,678431
Log4j project,2fefbb9bbeb0a094d22ae551e317e3ab425efed4,Paul Jeffrey Smith ,psmith@apache.org,2004-10-17 23:24,src/java/org/apache/log4j/multiplex/MDCKeySelector.java,// TODO ?,51,51,2fefbb9bbeb0a094d22ae551e317e3ab425efed4,Paul Jeffrey Smith ,2004-10-17 23:24,719d93cd529c1f406668242393ff188d7ae77025,t,Curtis William Arnold ,2007-07-18 5:06,2 years 9 mons 05:41:54,86463714
Log4j project,b89b60ad7d80a4c800f31f9b4088ebe81b699394,Paul Jeffrey Smith ,psmith@apache.org,2003-11-20 22:10,src/java/org/apache/log4j/chainsaw/FileLoadAction.java,// TODO: handle exception,167,167,b89b60ad7d80a4c800f31f9b4088ebe81b699394,Paul Jeffrey Smith ,2003-11-20 22:10,0c831191c19467e54fa8f30e640d8e41e4e99328,t,Paul Jeffrey Smith ,2005-02-25 3:17,1 year 3 mons 4 days 05:07:15,39697635
Log4j project,3fd8fbc941ca5c9a9c2cc62361516784b54ff72d,Paul Jeffrey Smith ,psmith@apache.org,2003-09-09 3:03,src/java/org/apache/log4j/chainsaw/LogUI.java,"//			TODO refactor so that LogPanel itself knows if Tooltips are enabled",1440,1440,3fd8fbc941ca5c9a9c2cc62361516784b54ff72d,Paul Jeffrey Smith ,2003-09-09 3:03,554511eabc7fa964de70990882050bdd4ed73b5e,t,Paul Jeffrey Smith ,2003-09-10 3:18,1 day 00:15:01,87301
Log4j project,0f5f5baf2d50a23710365d884520a4861df4b9b7,Paul Jeffrey Smith ,psmith@apache.org,2003-09-03 5:50,src/java/org/apache/log4j/chainsaw/LogUI.java,//          TODO MDC event stuff is not being output correctly,2376,2376,0f5f5baf2d50a23710365d884520a4861df4b9b7,Paul Jeffrey Smith ,2003-09-03 5:50,0cc749b722a851cd985cfaa98c143c9535355ff5,t,Scott Deboy ,2003-09-09 7:00,6 days 01:10:38,522638
Log4j project,3fd8fbc941ca5c9a9c2cc62361516784b54ff72d,Paul Jeffrey Smith ,psmith@apache.org,2003-09-09 3:03,src/java/org/apache/log4j/chainsaw/LogUI.java,"//			TODO refactor so that LogPanel itself knows if Tooltips are enabled",1440,1440,3fd8fbc941ca5c9a9c2cc62361516784b54ff72d,Paul Jeffrey Smith ,2003-09-09 3:03,0cc749b722a851cd985cfaa98c143c9535355ff5,t,Scott Deboy ,2003-09-09 7:00,3:57:07,14227
Log4j project,4e7121c85b7353a8dff17f7669c270ad963763a6,Ceki Gulcu ,ceki@apache.org,2000-12-14 9:16,src/java/org/apache/log4j/test/Shallow.java,// It is always a good idea to call this method when exiting an // application.,87,88,4e7121c85b7353a8dff17f7669c270ad963763a6,Ceki Gulcu ,2000-12-14 9:16,09bc0dcbccc3225cfadc2ca0024b4015ed8f684e,t,Ceki Gulcu ,2001-03-21 20:52,3 mons 7 days 11:35:16,8422516
Log4j project,947517357402f5ff3800d18c8106c52533c91e09,Ceki Gulcu ,ceki@apache.org,2000-12-14 9:35,src/java/org/apache/log4j/gui/TextPaneAppender.java,// Print Stacktrace // Quick Hack maybe there is a better/faster way?,146,147,947517357402f5ff3800d18c8106c52533c91e09,Ceki Gulcu ,2000-12-14 9:35,1bd2457e52fc19f621a7d577fe896bfb98561004,t,Ceki Gulcu ,2001-03-28 16:41,3 mons 14 days 07:05:22,9011122
Log4j project,092e79cd773f99af3a934f93d4c1841889e3f168,Ceki Gulcu ,ceki@apache.org,2002-04-26 15:48,src/java/org/apache/log4j/lf5/viewer/LogTable.java,//TODO: Defineable Views.,128,128,092e79cd773f99af3a934f93d4c1841889e3f168,Ceki Gulcu ,2002-04-26 15:48,697be9a5b21445cf658e8a39c1178474c467a175,t,Christian Grobmeier ,2012-05-30 5:18,10 years 1 mon 3 days 13:29:51,318475791
Log4j project,5095ca00abeb4c0dc66967f3baa1563734ea4d94,Ceki Gulcu ,ceki@apache.org,2001-02-14 17:47,contribs/KitchingSimon/DatagramStringWriter.java,"// convert to specified encoding - which may be sequence of // 8-bit chars, or multi-byte encodings like UTF-8 or UTF-16. // The receiving end had better be expecting whatever encoding // is used here on the sending end!",117,120,5095ca00abeb4c0dc66967f3baa1563734ea4d94,Ceki Gulcu ,2001-02-14 17:47,,f,,,,
Log4j project,dc0124d2cb6e285149532d4e9a57c157f5032270,Ceki Gulcu ,ceki@apache.org,2001-04-20 17:38,contribs/LeosLiterak/TempFileAppender.java,/* this Appender is not supposed to be used for logging of Exceptions */,155,155,dc0124d2cb6e285149532d4e9a57c157f5032270,Ceki Gulcu ,2001-04-20 17:38,,f,,,,
Log4j project,3d30346f59a79ced396bbcaf6acb3624a7cb27ad,Curtis William Arnold ,carnold@apache.org,2006-07-27 13:37,src/java/org/apache/log4j/concurrent/ConcurrentAppender.java,// Prevent concurrent re-entry by this thread // (There might be a cheaper way to do this) // (Or maybe this lock is not necessary),189,191,3d30346f59a79ced396bbcaf6acb3624a7cb27ad,Curtis William Arnold ,2006-07-27 13:37,719d93cd529c1f406668242393ff188d7ae77025,t,Curtis William Arnold ,2007-07-18 5:06,11 mons 21 days 15:29:01,30382141
Log4j project,3605f1464cd0ddde0bca8aa270fbe6e6e63edaaa,Ceki Gulcu ,ceki@apache.org,2004-11-16 20:29,src/java/org/apache/log4j/helpers/IntializationUtil.java,// This method does not do anoything currently. It might become useful // when sub-domains are added to log4j.,38,39,3605f1464cd0ddde0bca8aa270fbe6e6e63edaaa,Ceki Gulcu ,2004-11-16 20:29,719d93cd529c1f406668242393ff188d7ae77025,t,Curtis William Arnold ,2007-07-18 5:06,2 years 8 mons 1 day 08:36:23,83968583
Log4j project,4649eee6fc9a5efa1253be942d21a239b2a71227,Ceki Gulcu ,ceki@apache.org,2001-02-20 8:05,src/java/org/apache/log4j/FileAppender.java,// FIXME (remove qwIsOurs),171,171,4649eee6fc9a5efa1253be942d21a239b2a71227,Ceki Gulcu ,2001-02-20 8:05,ebc274ee0733441ed2acb2a401c059020e7fe1b3,t,Ceki Gulcu ,2001-08-14 21:00,5 mons 22 days 12:55:22,14907322
Log4j project,db66be54dea271c9ecfd6f6426f7229fe9f2aeba,Ceki Gulcu ,ceki@apache.org,2004-05-04 9:36,src/java/org/apache/log4j/db/DBAppender.java,// TODO Auto-generated method st  ,134,134,db66be54dea271c9ecfd6f6426f7229fe9f2aeba,Ceki Gulcu ,2004-05-04 9:36,1cd511911f8ee040913c26e6b130791eb635a65f,t,Ceki Gulcu ,2004-05-24 16:14,20 days 06:38:31,1751911
Log4j project,42f1290ae7de2687560d1f850fd8dc21eb09d7f2,Ceki Gulcu ,ceki@apache.org,2004-05-10 19:38,src/java/org/apache/log4j/db/DBReceiver.java,// TODO CG The conversion of levelStr should be more general,135,135,42f1290ae7de2687560d1f850fd8dc21eb09d7f2,Ceki Gulcu ,2004-05-10 19:38,130b3181d10b8f89ee785ff0a0e608b9c3001ca3,t,Ceki Gulcu ,2004-05-21 18:45,10 days 23:06:09,947169
Log4j project,4649eee6fc9a5efa1253be942d21a239b2a71227,Ceki Gulcu ,ceki@apache.org,2001-02-20 8:05,src/java/org/apache/log4j/FileAppender.java,// FIXME (remove qwIsOurs),171,171,4649eee6fc9a5efa1253be942d21a239b2a71227,Ceki Gulcu ,2001-02-20 8:05,ebc274ee0733441ed2acb2a401c059020e7fe1b3,t,Ceki Gulcu ,2001-08-14 21:00,5 mons 22 days 12:55:22,14907322
Log4j project,e6d0c5a232e2d63de06f5b588cf7c1837141b78a,Ceki Gulcu ,ceki@apache.org,2004-12-08 15:33,src/java/org/apache/log4j/rolling/FixedWindowRollingPolicy.java,// TODO This is clearly bogus.,153,153,e6d0c5a232e2d63de06f5b588cf7c1837141b78a,Ceki Gulcu ,2004-12-08 15:33,0cf5cda0dc3b4560a71807fcbd80bade1e2c40a8,t,Curtis William Arnold ,2005-05-23 23:51,5 mons 15 days 08:17:38,14285858
Log4j project,765875de40b96ca5be0d2e96479a015dadd6a739,Paul Jeffrey Smith ,psmith@apache.org,2003-12-31 7:03,src/java/org/apache/log4j/chainsaw/LogUI.java,// TODO this should all be in a config file,365,365,765875de40b96ca5be0d2e96479a015dadd6a739,Paul Jeffrey Smith ,2003-12-31 7:03,d8530a7ba0a823db98022edabcc018e5864ab2a5,t,Paul Jeffrey Smith ,2004-09-02 0:30,8 mons 1 day 17:26:45,20885205
Log4j project,80387e1d3e02134a8e24cb7d81b1ae6a7b3b6113,Ceki Gulcu ,ceki@apache.org,2001-01-23 22:07,src/java/org/apache/log4j/helpers/BoundedFIFO.java,// er.. how much do we actually need to copy? // We should not copy more than the actual number of elements.,117,118,80387e1d3e02134a8e24cb7d81b1ae6a7b3b6113,Ceki Gulcu ,2001-01-23 22:07,,f,,,,
Log4j project,26f8d8a8cd3f272b3fa5d912889207c64844aa61,Ceki Gulcu ,ceki@apache.org,2000-12-14 2:19,src/java/org/apache/log4j/NDC.java,// The synchronization on ht is necessary to prevent JDK 1.2.x from // throwing ConcurrentModificationExceptions at us. This sucks BIG-TIME. // One solution is to write our own hashtable implementation.,217,219,26f8d8a8cd3f272b3fa5d912889207c64844aa61,Ceki Gulcu ,2000-12-14 2:19,8d15fcd9068d1e762b488bfc0d6fec3f0e6671fe,t,Curtis William Arnold ,2007-05-14 19:48,6 years 5 mons 17:29:02,202368542
Log4j project,75b7ee81d5490aeb1104707c39e4d4d89491cd78,Ceki Gulcu ,ceki@apache.org,2003-06-03 18:44,src/java/org/apache/log4j/xml/DOMConfigurator.java,// Doesn't work on DOM Level 1 : // Element element = doc.getElementById(appenderName); // Endre's hack:,163,165,75b7ee81d5490aeb1104707c39e4d4d89491cd78,Ceki Gulcu ,2003-06-03 18:44,2816a0b6f858c8bd56a6f0556c0d3573e7bf7262,t,Ceki Gulcu ,2005-01-06 19:27,1 year 7 mons 3 days 00:42:46,49963366
Log4j project,17fa629e45d0dcd55b81edb34286e8c675a0bfd4,Curtis William Arnold ,carnold@apache.org,2004-12-24 9:08,tests/src/java/org/apache/log4j/pattern/CachedDateFormatTest.java,"// //  TODO: why is this returning ,120 ... , 120 // //assertEquals(""00:00:00,120 00:00:00,000"", s) ;",378,381,17fa629e45d0dcd55b81edb34286e8c675a0bfd4,Curtis William Arnold ,2004-12-24 9:08,,f,,,,
Log4j project,26f8d8a8cd3f272b3fa5d912889207c64844aa61,Ceki Gulcu ,ceki@apache.org,2000-12-14 2:19,src/java/org/apache/log4j/NDC.java,// The synchronization on ht is necessary to prevent JDK 1.2.x from // throwing ConcurrentModificationExceptions at us. This sucks BIG-TIME. // One solution is to write our own hashtable implementation.,217,219,26f8d8a8cd3f272b3fa5d912889207c64844aa61,Ceki Gulcu ,2000-12-14 2:19,,f,,,,
Log4j project,c554e534361610b689c2cb81c5492901e948c964,Paul Jeffrey Smith ,psmith@apache.org,2003-09-03 5:44,src/java/org/apache/log4j/chainsaw/ChainsawCyclicBufferTableModel.java,"//TODO DO we need this method, I can find no references anywhere, but // left as is since it's such a large method.... //  public LoggingEvent getEvent(Vector v) { //    Integer ID =",279,282,c554e534361610b689c2cb81c5492901e948c964,Paul Jeffrey Smith ,2003-09-03 5:44,bffbaa46fd83985467185561669576bcf600f501,t,Paul Jeffrey Smith ,2003-09-09 3:00,5 days 21:16:00,508560
Log4j project,0267a31ded09545f3314b79fd864278949186ba9,Scott Deboy ,sdeboy@apache.org,2004-12-19 23:54,src/java/org/apache/log4j/varia/LocationInfoFilter.java,//HACK: Category is the last of the internal layers - pass this in as the class name //in order for parsing to work correctly,42,43,0267a31ded09545f3314b79fd864278949186ba9,Scott Deboy ,2004-12-19 23:54,9a3cd1cde88cef824d4a266beec5ab15f94fdf5e,t,Curtis William Arnold ,2007-04-12 5:17,2 years 3 mons 23 days 05:23:05,72897785
Log4j project,21c50bd181a2b62ade54f2ab926b2da30bc23311,Ceki Gulcu ,ceki@apache.org,2002-05-09 15:43,src/java/org/apache/log4j/spi/LoggingEvent.java,"// Note that we use Class.getDeclaredMethod instead of // Class.getMethod. This assumes that the Level subclass // implements the toLevel(int) method which is a // requirement. Actually, it does not make sense for Level // subclasses NOT to implement this method. Also note that // only Level can be subclassed and not Priority.",311,316,21c50bd181a2b62ade54f2ab926b2da30bc23311,Ceki Gulcu ,2002-05-09 15:43,,f,,,,
Log4j project,80387e1d3e02134a8e24cb7d81b1ae6a7b3b6113,Ceki Gulcu ,ceki@apache.org,2001-01-23 22:07,src/java/org/apache/log4j/helpers/BoundedFIFO.java,// er.. how much do we actually need to copy? // We should not copy more than the actual number of elements.,117,118,80387e1d3e02134a8e24cb7d81b1ae6a7b3b6113,Ceki Gulcu ,2001-01-23 22:07,8d15fcd9068d1e762b488bfc0d6fec3f0e6671fe,t,Curtis William Arnold ,2007-05-14 19:48,6 years 3 mons 21 days 21:40:47,199014047
Log4j project,26f8d8a8cd3f272b3fa5d912889207c64844aa61,Ceki Gulcu ,ceki@apache.org,2000-12-14 2:19,src/java/org/apache/log4j/NDC.java,// The synchronization on ht is necessary to prevent JDK 1.2.x from // throwing ConcurrentModificationExceptions at us. This sucks BIG-TIME. // One solution is to write our own hashtable implementation.,217,219,26f8d8a8cd3f272b3fa5d912889207c64844aa61,Ceki Gulcu ,2000-12-14 2:19,3ee1b6521cba8b30b0b534a6b44a51a95c3ecf58,t,Curtis William Arnold ,2005-12-02 5:06,4 years 11 mons 19 days 02:46:32,156393992
Log4j project,c407235586ee9631fe2b3c3651e9c41991ccea18,Paul Jeffrey Smith ,psmith@apache.org,2003-09-01 2:03,src/java/org/apache/log4j/chainsaw/LoggerNameTree.java,//    ============================================ //    TODO remove this WIP node once we're statisfied,74,75,c407235586ee9631fe2b3c3651e9c41991ccea18,Paul Jeffrey Smith ,2003-09-01 2:03,0c831191c19467e54fa8f30e640d8e41e4e99328,t,Paul Jeffrey Smith ,2005-02-25 3:17,1 year 5 mons 24 days 01:14:04,46595644
Log4j project,1a29e3ec91205f488d5ad379ecf61282a520bb2c,Ceki Gulcu ,ceki@apache.org,2002-03-25 22:05,src/java/org/apache/log4j/net/SocketHubAppender.java,// Failing to reset the object output stream every now and // then creates a serious memory leak. // right now we always reset. TODO - set up frequency counter per oos?,198,200,1a29e3ec91205f488d5ad379ecf61282a520bb2c,Ceki Gulcu ,2002-03-25 22:05,8d15fcd9068d1e762b488bfc0d6fec3f0e6671fe,t,Curtis William Arnold ,2007-05-14 19:48,5 years 1 mon 19 days 21:42:54,162099774
Log4j project,1672b02eb269209e396ac6db0d5f8cb5454397b7,Paul Jeffrey Smith ,psmith@apache.org,2003-09-03 5:47,src/java/org/apache/log4j/chainsaw/ColorFilter.java,//    TODO this is broken while the change from Vectors -> LoggingEvents occurs //    Iterator iter = filters.iterator(); //,156,158,1672b02eb269209e396ac6db0d5f8cb5454397b7,Paul Jeffrey Smith ,2003-09-03 5:47,ac9e0003d5766df2f9f5b4052e3dd968911bd4fc,t,Scott Deboy ,2003-12-08 6:00,3 mons 5 days 00:12:54,8208774
Log4j project,d8530a7ba0a823db98022edabcc018e5864ab2a5,Paul Jeffrey Smith ,psmith@apache.org,2004-09-02 0:30,src/java/org/apache/log4j/chainsaw/LogUI.java,// TODO this should all be in a config file //    ChainsawCentral cc = new ChainsawCentral(); //    pluginRegistry.addPlugin(cc); //    cc.activateOptions();,445,448,d8530a7ba0a823db98022edabcc018e5864ab2a5,Paul Jeffrey Smith ,2004-09-02 0:30,0c831191c19467e54fa8f30e640d8e41e4e99328,t,Paul Jeffrey Smith ,2005-02-25 3:17,5 mons 23 days 02:47:15,14957235
Log4j project,abbd9d3d8b7b16aa02f45679753c1e20886bc49f,Curtis William Arnold ,carnold@apache.org,2006-01-24 3:50,src/java/org/apache/log4j/spi/LoggingEvent.java,// //  could potentially return a LoggerRepository property value //     when there is not an MDC property value //     but the negative consequences should be minimal.,549,552,abbd9d3d8b7b16aa02f45679753c1e20886bc49f,Curtis William Arnold ,2006-01-24 3:50,612f6287fda8178626ba6625b257c790f65de5f8,t,Curtis William Arnold ,2007-08-11 4:10,1 year 6 mons 18 days 00:19:59,48665999
Log4j project,2586dda3d3d2d78414119dd9c49a734ce1b5a8d2,Ceki Gulcu ,ceki@apache.org,2001-01-22 10:57,src/java/org/apache/log4j/spi/LoggingEvent.java,"// writing directly the Class object would be nicer, except that // serialized a Class object can not be read back by JDK // 1.1.x. We have to resort to this hack instead.",240,242,2586dda3d3d2d78414119dd9c49a734ce1b5a8d2,Ceki Gulcu ,2001-01-22 10:57,8d15fcd9068d1e762b488bfc0d6fec3f0e6671fe,t,Curtis William Arnold ,2007-05-14 19:48,6 years 3 mons 23 days 08:51:01,199140661
Log4j project,554511eabc7fa964de70990882050bdd4ed73b5e,Paul Jeffrey Smith ,psmith@apache.org,2003-09-10 3:18,src/java/org/apache/log4j/chainsaw/LogPanel.java,//      TODO fix this menu so that columns can be hidden/displayed //      Iterator iter = logUI.getFilterableColumns().iterator(); //,318,320,554511eabc7fa964de70990882050bdd4ed73b5e,Paul Jeffrey Smith ,2003-09-10 3:18,ac9e0003d5766df2f9f5b4052e3dd968911bd4fc,t,Scott Deboy ,2003-12-08 6:00,2 mons 28 days 02:41:48,7612908
Log4j project,caa8e432af35512216b58492e3d8499f7262e109,Ceki Gulcu ,ceki@apache.org,2001-10-11 15:10,src/java/org/apache/log4j/helpers/Loader.java,// We could not find resource. Ler us now try with the // classloader that loaded this class.,78,79,caa8e432af35512216b58492e3d8499f7262e109,Ceki Gulcu ,2001-10-11 15:10,8d15fcd9068d1e762b488bfc0d6fec3f0e6671fe,t,Curtis William Arnold ,2007-05-14 19:48,5 years 7 mons 3 days 04:38:09,176207889
Log4j project,abbd9d3d8b7b16aa02f45679753c1e20886bc49f,Curtis William Arnold ,carnold@apache.org,2006-01-24 3:50,src/java/org/apache/log4j/spi/LoggingEvent.java,// //  could potentially return a LoggerRepository property value //     when there is not an MDC property value //     but the negative consequences should be minimal.,549,552,abbd9d3d8b7b16aa02f45679753c1e20886bc49f,Curtis William Arnold ,2006-01-24 3:50,612f6287fda8178626ba6625b257c790f65de5f8,t,Curtis William Arnold ,2007-08-11 4:10,1 year 6 mons 18 days 00:19:59,48665999
Log4j project,ae5a19796d81ba878d522fa09787980f9924636e,Paul Jeffrey Smith ,psmith@apache.org,2004-05-20 23:13,src/java/org/apache/log4j/chainsaw/vfs/VFSPlugin.java,"// TODO replace this with an explicit call to pre-select the firs node in the tree, which // would then trigger the look for children //VFSUtils.lookForChildren(this.fileSystemTree.getTree(), node);",103,105,ae5a19796d81ba878d522fa09787980f9924636e,Paul Jeffrey Smith ,2004-05-20 23:13,e158902f9ab222b4ef4afc1fac5269d7f24fb1bd,t,Paul Jeffrey Smith ,2004-05-21 4:22,5:08:19,18499
Log4j project,2046d0782fcec9b8c00f96f8bb6f4364239cf42e,Ceki Gulcu ,ceki@apache.org,2003-05-14 18:20,src/java/org/apache/log4j/rolling/SlidingWindowRollingPolicy.java,//move active file name to min // TODO: compress the currently active file into minIndex,98,99,2046d0782fcec9b8c00f96f8bb6f4364239cf42e,Ceki Gulcu ,2003-05-14 18:20,579d6f525526f317fa3cccd4bf8cbf11e8023361,t,Ceki Gulcu ,2003-05-19 13:50,4 days 19:29:42,415782
Log4j project,25517ae23def94e51e9c3b77ff3d0089c9279f8e,Ceki Gulcu ,ceki@apache.org,2005-01-22 18:18,src/java/org/apache/log4j/AppenderSkeleton.java,"// FIXME: We should not flood other appenders but at the same time // should output something meaningful (only once though). // Logging not allowed: //getLogger().error( //  ""Attempted to append to closed appender named [{}]."", name);",213,217,25517ae23def94e51e9c3b77ff3d0089c9279f8e,Ceki Gulcu ,2005-01-22 18:18,7db3e1f0e0bb4c4b77e638df7580b4b8377aeb4a,t,Ceki Gulcu ,2005-02-18 17:23,26 days 23:05:12,2329512
Log4j project,bc50e850e3193f556c6c22631eb0fc54a64a9cbf,Paul Jeffrey Smith ,psmith@apache.org,2003-12-19 6:50,src/java/org/apache/log4j/chainsaw/help/HelpManager.java,"// TODO This needs to convert the FQN class name into a valid help URL. //		 TODO Be also nice to be able to set a BaseHelpURL or something instead of hitting the Apache server.",190,191,bc50e850e3193f556c6c22631eb0fc54a64a9cbf,Paul Jeffrey Smith ,2003-12-19 6:50,0d1bc03ceaf04880c70dfe06ede90da7603f683c,t,Paul Jeffrey Smith ,2003-12-22 7:59,3 days 01:08:46,263326
Log4j project,1a29e3ec91205f488d5ad379ecf61282a520bb2c,Ceki Gulcu ,ceki@apache.org,2002-03-25 22:05,src/java/org/apache/log4j/net/SocketHubAppender.java,// Failing to reset the object output stream every now and // then creates a serious memory leak. // right now we always reset. TODO - set up frequency counter per oos?,198,200,1a29e3ec91205f488d5ad379ecf61282a520bb2c,Ceki Gulcu ,2002-03-25 22:05,,f,,,,
Log4j project,1a29e3ec91205f488d5ad379ecf61282a520bb2c,Ceki Gulcu ,ceki@apache.org,2002-03-25 22:05,src/java/org/apache/log4j/net/SocketHubAppender.java,"// catch this, but just don't assign a value // this should not really occur as this method is // the only one that can remove oos's (besides cleanUp).",186,188,1a29e3ec91205f488d5ad379ecf61282a520bb2c,Ceki Gulcu ,2002-03-25 22:05,,f,,,,
Log4j project,7bb51aa12cb6f6db2b152a5c83783aba4048d64b,Paul Jeffrey Smith ,psmith@apache.org,2003-09-02 3:39,src/java/org/apache/log4j/chainsaw/ChainsawToolBarAndMenus.java,"//	logTreePaneButton.setText(null); //	TODO add accelerator to this action",1019,1020,7bb51aa12cb6f6db2b152a5c83783aba4048d64b,Paul Jeffrey Smith ,2003-09-02 3:39,da6f1e2096c5c2ad078fcbc85ca5edcf9b2b369b,t,Paul Jeffrey Smith ,2003-09-02 22:24,18:44:52,67492
Log4j project,b702f7145d3f660ac350ec862df9e8e913c1fffa,Ceki Gulcu ,ceki@apache.org,2001-01-20 16:02,src/java/org/apache/log4j/spi/LoggingEvent.java,"// writing the Class would be nicer, except that serialized // classed can not be read back by JDK 1.1.x. We have to resort // to this hack instead.",195,197,b702f7145d3f660ac350ec862df9e8e913c1fffa,Ceki Gulcu ,2001-01-20 16:02,2586dda3d3d2d78414119dd9c49a734ce1b5a8d2,t,Ceki Gulcu ,2001-01-22 10:57,1 day 18:55:07,154507
Log4j project,5095ca00abeb4c0dc66967f3baa1563734ea4d94,Ceki Gulcu ,ceki@apache.org,2001-02-14 17:47,contribs/JamesHouse/TextPanelAppender.java,// Print Stacktrace // Quick Hack maybe there is a better/faster way?,67,68,5095ca00abeb4c0dc66967f3baa1563734ea4d94,Ceki Gulcu ,2001-02-14 17:47,,f,,,,
Log4j project,2586dda3d3d2d78414119dd9c49a734ce1b5a8d2,Ceki Gulcu ,ceki@apache.org,2001-01-22 10:57,src/java/org/apache/log4j/spi/LoggingEvent.java,"// writing directly the Class object would be nicer, except that // serialized a Class object can not be read back by JDK // 1.1.x. We have to resort to this hack instead.",240,242,2586dda3d3d2d78414119dd9c49a734ce1b5a8d2,Ceki Gulcu ,2001-01-22 10:57,,f,,,,
Log4j project,0911f32d76f0c1e9bcb752a9a67dc3c6afb18155,Paul Jeffrey Smith ,psmith@apache.org,2003-09-01 22:33,src/java/org/apache/log4j/chainsaw/LoggerNameTreePanel.java,"//	TODO decide if Multi-selection is useful, and how it would work	",138,138,0911f32d76f0c1e9bcb752a9a67dc3c6afb18155,Paul Jeffrey Smith ,2003-09-01 22:33,0c831191c19467e54fa8f30e640d8e41e4e99328,t,Paul Jeffrey Smith ,2005-02-25 3:17,1 year 5 mons 23 days 04:44:02,46521842
Log4j project,679aa15746508e08c36a7b2e32463c8096a6a9b5,Paul Jeffrey Smith ,psmith@apache.org,2003-06-29 22:57,src/java/org/apache/log4j/chainsaw/LogUI.java,//                TODO handle if they don't choose a file,623,623,679aa15746508e08c36a7b2e32463c8096a6a9b5,Paul Jeffrey Smith ,2003-06-29 22:57,76c5f0f0ea04e508126eb052f3787b662ace594d,t,Paul Jeffrey Smith ,2003-08-28 5:39,1 mon 28 days 06:41:09,5035269
Log4j project,e932b0f81efea5a6372513e317a4e753c8335ed2,Paul Jeffrey Smith ,psmith@apache.org,2003-06-25 4:05,src/java/org/apache/log4j/chainsaw/LogUI.java,"//            TODO refactor to use a single getEvent(row) call, and use a Formatter interface for pluggable formatting",2200,2200,e932b0f81efea5a6372513e317a4e753c8335ed2,Paul Jeffrey Smith ,2003-06-25 4:05,0f5f5baf2d50a23710365d884520a4861df4b9b7,t,Paul Jeffrey Smith ,2003-09-03 5:50,2 mons 8 days 01:44:37,5881477
Log4j project,e932b0f81efea5a6372513e317a4e753c8335ed2,Paul Jeffrey Smith ,psmith@apache.org,2003-06-25 4:05,src/java/org/apache/log4j/chainsaw/LogUI.java,//HACK - fix the way columns are sized..should be saved off and loaded later,1285,1285,e932b0f81efea5a6372513e317a4e753c8335ed2,Paul Jeffrey Smith ,2003-06-25 4:05,0cc749b722a851cd985cfaa98c143c9535355ff5,t,Scott Deboy ,2003-09-09 7:00,2 mons 14 days 02:55:15,6404115
Log4j project,0f5f5baf2d50a23710365d884520a4861df4b9b7,Paul Jeffrey Smith ,psmith@apache.org,2003-09-03 5:50,src/java/org/apache/log4j/chainsaw/LogUI.java,//    TODO remove this when ready,316,316,0f5f5baf2d50a23710365d884520a4861df4b9b7,Paul Jeffrey Smith ,2003-09-03 5:50,0cc749b722a851cd985cfaa98c143c9535355ff5,t,Scott Deboy ,2003-09-09 7:00,6 days 01:10:38,522638
Log4j project,679aa15746508e08c36a7b2e32463c8096a6a9b5,Paul Jeffrey Smith ,psmith@apache.org,2003-06-29 22:57,src/java/org/apache/log4j/chainsaw/LogUI.java,//                TODO handle if they don't choose a file,623,623,679aa15746508e08c36a7b2e32463c8096a6a9b5,Paul Jeffrey Smith ,2003-06-29 22:57,76c5f0f0ea04e508126eb052f3787b662ace594d,t,Paul Jeffrey Smith ,2003-08-28 5:39,1 mon 28 days 06:41:09,5035269
Log4j project,679aa15746508e08c36a7b2e32463c8096a6a9b5,Paul Jeffrey Smith ,psmith@apache.org,2003-06-29 22:57,src/java/org/apache/log4j/chainsaw/LogUI.java,//            TODO This could be done and look better in a custom Dialog,567,567,679aa15746508e08c36a7b2e32463c8096a6a9b5,Paul Jeffrey Smith ,2003-06-29 22:57,76c5f0f0ea04e508126eb052f3787b662ace594d,t,Paul Jeffrey Smith ,2003-08-28 5:39,1 mon 28 days 06:41:09,5035269
Log4j project,e932b0f81efea5a6372513e317a4e753c8335ed2,Paul Jeffrey Smith ,psmith@apache.org,2003-06-25 4:05,src/java/org/apache/log4j/chainsaw/LogUI.java,"//            TODO refactor to use a single getEvent(row) call, and use a Formatter interface for pluggable formatting",2200,2200,e932b0f81efea5a6372513e317a4e753c8335ed2,Paul Jeffrey Smith ,2003-06-25 4:05,0f5f5baf2d50a23710365d884520a4861df4b9b7,t,Paul Jeffrey Smith ,2003-09-03 5:50,2 mons 8 days 01:44:37,5881477
Log4j project,e932b0f81efea5a6372513e317a4e753c8335ed2,Paul Jeffrey Smith ,psmith@apache.org,2003-06-25 4:05,src/java/org/apache/log4j/chainsaw/LogUI.java,//HACK - fix the way columns are sized..should be saved off and loaded later,1285,1285,e932b0f81efea5a6372513e317a4e753c8335ed2,Paul Jeffrey Smith ,2003-06-25 4:05,f8d25ba4a3689d3c8e9aa06b4ef100113bcbd5f3,t,Scott Deboy ,2004-01-25 11:06,7 mons 07:01:35,18169295
Log4j project,0f5f5baf2d50a23710365d884520a4861df4b9b7,Paul Jeffrey Smith ,psmith@apache.org,2003-09-03 5:50,src/java/org/apache/log4j/chainsaw/LogUI.java,//          TODO MDC event stuff is not being output correctly,2376,2376,0f5f5baf2d50a23710365d884520a4861df4b9b7,Paul Jeffrey Smith ,2003-09-03 5:50,554511eabc7fa964de70990882050bdd4ed73b5e,t,Paul Jeffrey Smith ,2003-09-10 3:18,6 days 21:28:32,595712
Log4j project,2fefbb9bbeb0a094d22ae551e317e3ab425efed4,Paul Jeffrey Smith ,psmith@apache.org,2004-10-17 23:24,src/java/org/apache/log4j/multiplex/MultiplexAppender.java,//        TODO check this is correct,61,61,2fefbb9bbeb0a094d22ae551e317e3ab425efed4,Paul Jeffrey Smith ,2004-10-17 23:24,719d93cd529c1f406668242393ff188d7ae77025,t,Curtis William Arnold ,2007-07-18 5:06,2 years 9 mons 05:41:54,86463714
Log4j project,2fefbb9bbeb0a094d22ae551e317e3ab425efed4,Paul Jeffrey Smith ,psmith@apache.org,2004-10-17 23:24,src/java/org/apache/log4j/multiplex/MultiplexAppender.java,// TODO work out how the Selector has it's AppenderFactory configured by Joran,33,33,2fefbb9bbeb0a094d22ae551e317e3ab425efed4,Paul Jeffrey Smith ,2004-10-17 23:24,719d93cd529c1f406668242393ff188d7ae77025,t,Curtis William Arnold ,2007-07-18 5:06,2 years 9 mons 05:41:54,86463714
Log4j project,e932b0f81efea5a6372513e317a4e753c8335ed2,Paul Jeffrey Smith ,psmith@apache.org,2003-06-25 4:05,src/java/org/apache/log4j/chainsaw/FileLoadAction.java,// TODO Handle the error with a nice msg,162,162,e932b0f81efea5a6372513e317a4e753c8335ed2,Paul Jeffrey Smith ,2003-06-25 4:05,0c831191c19467e54fa8f30e640d8e41e4e99328,t,Paul Jeffrey Smith ,2005-02-25 3:17,1 year 7 mons 29 days 23:12:10,52290730
Log4j project,4649eee6fc9a5efa1253be942d21a239b2a71227,Ceki Gulcu ,ceki@apache.org,2001-02-20 8:05,src/java/org/apache/log4j/FileAppender.java,// FIXME (remove qwIsOurs),171,171,4649eee6fc9a5efa1253be942d21a239b2a71227,Ceki Gulcu ,2001-02-20 8:05,ebc274ee0733441ed2acb2a401c059020e7fe1b3,t,Ceki Gulcu ,2001-08-14 21:00,5 mons 22 days 12:55:22,14907322
Log4j project,af97c9ee085a698d9ea3530bc7234b53f969907b,Ceki Gulcu ,ceki@apache.org,2003-05-21 19:00,src/java/org/apache/log4j/rolling/helpers/FileNamePattern.java,"// At this stage, we can suppose that i < patternLen -1",120,120,af97c9ee085a698d9ea3530bc7234b53f969907b,Ceki Gulcu ,2003-05-21 19:00,532c5ca2102386382f099e4920e93ec9f29f49bb,t,Curtis William Arnold ,2005-05-22 7:57,2 years 12:57:07,63161827
Log4j project,b883df650806e112982688dd1c4ff3e158c217b5,Ceki Gulcu ,ceki@apache.org,2000-12-14 1:46,LICENSE.APL,"// At this stage, we can suppose that i < patternLen -1",88,88,b883df650806e112982688dd1c4ff3e158c217b5,Ceki Gulcu ,2000-12-14 1:46,54e0894a235cf32342eb9ccc6776b3172c67a65c,t,oburn ,2003-03-10 10:24,2 years 2 mons 27 days 08:38:07,70663087
Log4j project,aa2c2475e04dd006102bd263a209da017de8d707,Paul Jeffrey Smith ,psmith@apache.org,2003-12-23 21:44,src/java/org/apache/log4j/chainsaw/ChainsawConstants.java,//  TODO come up with a better page not found url,121,121,aa2c2475e04dd006102bd263a209da017de8d707,Paul Jeffrey Smith ,2003-12-23 21:44,0c831191c19467e54fa8f30e640d8e41e4e99328,t,Paul Jeffrey Smith ,2005-02-25 3:17,1 year 2 mons 1 day 05:33:17,36847997
Log4j project,c554e534361610b689c2cb81c5492901e948c964,Paul Jeffrey Smith ,psmith@apache.org,2003-09-03 5:44,src/java/org/apache/log4j/chainsaw/ChainsawCyclicBufferTableModel.java,//          TODO change when filtering refactor done.,616,616,c554e534361610b689c2cb81c5492901e948c964,Paul Jeffrey Smith ,2003-09-03 5:44,bffbaa46fd83985467185561669576bcf600f501,t,Paul Jeffrey Smith ,2003-09-09 3:00,5 days 21:16:00,508560
Log4j project,a365a3fb0478feccc67ea7dd8032e02089985505,Ceki Gulcu ,ceki@apache.org,2005-02-09 21:33,src/filtered-java/org/apache/ugli/LoggerFactory.java,// TODO consider falling back on something more meaningful,52,52,a365a3fb0478feccc67ea7dd8032e02089985505,Ceki Gulcu ,2005-02-09 21:33,43bc1221f3fb270c0ceacfcd28d0e550e62d510b,t,Ceki Gulcu ,2005-02-10 12:09,14:36:31,52591
Log4j project,b47560410ce7c66fb139031057ad594dfcba04f2,pathos ,dev-null@apache.org,2001-04-29 13:48,src/java/org/apache/log4j/HTMLLayout.java,//Use a StringBuffer in lieu of String concatenation -- it is //much more efficient this way.,305,306,b47560410ce7c66fb139031057ad594dfcba04f2,pathos ,2001-04-29 13:48,dc4f1e77bef3185fffaf264a005f744e38696ae1,t,Ceki Gulcu ,2002-04-25 21:18,11 mons 26 days 07:29:16,30785356
Log4j project,d5d9779ebba5f8bb25a2d1cf1df0312153e1f955,Ceki Gulcu ,ceki@apache.org,2000-12-19 13:14,src/java/org/apache/log4j/xml/DOMConfigurator.java,// Endre's hack:,112,112,d5d9779ebba5f8bb25a2d1cf1df0312153e1f955,Ceki Gulcu ,2000-12-19 13:14,8d15fcd9068d1e762b488bfc0d6fec3f0e6671fe,t,Curtis William Arnold ,2007-05-14 19:48,6 years 4 mons 26 days 06:34:20,201983660
Log4j project,94eff9a041300970516ea866f8f0420d1cc75355,Elias Nathan Ross ,eross@apache.org,2007-01-26 5:44,src/java/org/apache/log4j/concurrent/WriterPreferenceReadWriteLock.java,"// fall through outside synch on interrupt. // This notification is not really needed here,  //   but may be in plausible subclasses",176,178,94eff9a041300970516ea866f8f0420d1cc75355,Elias Nathan Ross ,2007-01-26 5:44,719d93cd529c1f406668242393ff188d7ae77025,t,Curtis William Arnold ,2007-07-18 5:06,5 mons 22 days 23:21:08,14944868
Log4j project,130b3181d10b8f89ee785ff0a0e608b9c3001ca3,Ceki Gulcu ,ceki@apache.org,2004-05-21 18:45,src/java/org/apache/log4j/db/DBReceiverJob.java,// TODO CG The conversion of levelStr should be more general,96,96,130b3181d10b8f89ee785ff0a0e608b9c3001ca3,Ceki Gulcu ,2004-05-21 18:45,719d93cd529c1f406668242393ff188d7ae77025,t,Curtis William Arnold ,2007-07-18 5:06,3 years 1 mon 27 days 10:21:00,99634860
Log4j project,31836fb3952ef3022b72bf346adea8164473c5e3,Ceki Gulcu ,ceki@apache.org,2004-09-07 18:58,src/java/org/apache/log4j/spi/location/StackTraceElementExtractor.java,"// this should work, shouldn't it?",96,96,31836fb3952ef3022b72bf346adea8164473c5e3,Ceki Gulcu ,2004-09-07 18:58,ff26b789d2f1613c5180772dd9fa3efc420a7547,t,Ceki Gulcu ,2004-11-20 11:27,2 mons 12 days 16:28:37,6280117
Log4j project,ad3450477a77a963b46c8c563e7c857e85a994ce,Paul Jeffrey Smith ,psmith@apache.org,2003-06-24 8:24,src/java/org/apache/log4j/net/MulticastAppender.java,// TODO handle active/inactive,364,364,ad3450477a77a963b46c8c563e7c857e85a994ce,Paul Jeffrey Smith ,2003-06-24 8:24,719d93cd529c1f406668242393ff188d7ae77025,t,Curtis William Arnold ,2007-07-18 5:06,4 years 23 days 20:41:10,128292070
Log4j project,947517357402f5ff3800d18c8106c52533c91e09,Ceki Gulcu ,ceki@apache.org,2000-12-14 9:35,contribs/SvenReimers/gui/TextPaneAppender.java,// Print Stacktrace // Quick Hack maybe there is a better/faster way?,146,147,947517357402f5ff3800d18c8106c52533c91e09,Ceki Gulcu ,2000-12-14 9:35,,f,,,,
Log4j project,587e14ed6c4ffd37b73773e1abfdce5a2c75fe7e,oburn ,dev-null@apache.org,2002-03-23 7:51,src/java/org/apache/log4j/chainsaw/XMLFileHandler.java,// hack - but only thing I care about,105,105,587e14ed6c4ffd37b73773e1abfdce5a2c75fe7e,oburn ,2002-03-23 7:51,3b8592f75e673c39e84fd96ed991976a76234740,t,oburn ,2002-05-25 12:38,2 mons 2 days 04:46:36,5373996
Log4j project,4e7121c85b7353a8dff17f7669c270ad963763a6,Ceki Gulcu ,ceki@apache.org,2000-12-14 9:16,src/java/org/apache/log4j/test/Shallow.java,// It is always a good idea to call this method when exiting an // application.,87,88,4e7121c85b7353a8dff17f7669c270ad963763a6,Ceki Gulcu ,2000-12-14 9:16,c5619e90f1e3147c57566713b8f9b0ae02d05e74,t,Ceki Gulcu ,2002-02-18 16:29,1 year 2 mons 4 days 07:12:46,37113166
Log4j project,587e14ed6c4ffd37b73773e1abfdce5a2c75fe7e,oburn ,dev-null@apache.org,2002-03-23 7:51,src/java/org/apache/log4j/chainsaw/XMLFileHandler.java,// hack - but only thing I care about,105,105,587e14ed6c4ffd37b73773e1abfdce5a2c75fe7e,oburn ,2002-03-23 7:51,3b8592f75e673c39e84fd96ed991976a76234740,t,oburn ,2002-05-25 12:38,2 mons 2 days 04:46:36,5373996
Log4j project,d5d9779ebba5f8bb25a2d1cf1df0312153e1f955,Ceki Gulcu ,ceki@apache.org,2000-12-19 13:14,src/java/org/apache/log4j/xml/DOMConfigurator.java,// Hack finished.,124,124,d5d9779ebba5f8bb25a2d1cf1df0312153e1f955,Ceki Gulcu ,2000-12-19 13:14,,f,,,,
Log4j project,d5d9779ebba5f8bb25a2d1cf1df0312153e1f955,Ceki Gulcu ,ceki@apache.org,2000-12-19 13:14,src/java/org/apache/log4j/xml/DOMConfigurator.java,// Endre's hack:,112,112,d5d9779ebba5f8bb25a2d1cf1df0312153e1f955,Ceki Gulcu ,2000-12-19 13:14,,f,,,,
Log4j project,e7a45e09af8c6312a340f607b1425453e5284d7d,Paul Jeffrey Smith ,psmith@apache.org,2004-05-15 6:31,src/java/org/apache/log4j/chainsaw/vfs/VFSPlugin.java,"//    TODO This seems really lame to have to do this, but there you go...",67,67,e7a45e09af8c6312a340f607b1425453e5284d7d,Paul Jeffrey Smith ,2004-05-15 6:31,82f3ef43d7678ac66d6218bbebe1f613b8f75f9a,t,Paul Jeffrey Smith ,2004-05-20 3:57,4 days 21:25:35,422735
Log4j project,131bc4d7010ed8aef9af2aa03839f8852f3d704d,Paul Jeffrey Smith ,psmith@apache.org,2004-05-21 4:23,src/java/org/apache/log4j/chainsaw/vfs/DirectoryListTableModel.java,//        TODO should all columns be sorted?  I think so...,214,214,131bc4d7010ed8aef9af2aa03839f8852f3d704d,Paul Jeffrey Smith ,2004-05-21 4:23,0c831191c19467e54fa8f30e640d8e41e4e99328,t,Paul Jeffrey Smith ,2005-02-25 3:17,9 mons 3 days 22:54:11,23669651
Log4j project,e95b32c28f38b2b41972ae0eb1cbb23cbdccdba4,Paul Jeffrey Smith ,psmith@apache.org,2004-05-19 0:11,src/java/org/apache/log4j/chainsaw/vfs/VFSNode.java,"// TODO display name, but with Schema too",28,28,e95b32c28f38b2b41972ae0eb1cbb23cbdccdba4,Paul Jeffrey Smith ,2004-05-19 0:11,0c831191c19467e54fa8f30e640d8e41e4e99328,t,Paul Jeffrey Smith ,2005-02-25 3:17,9 mons 6 days 03:06:26,23857586
Log4j project,52991087d7eb4a160d14f7d7193ae877777ff51a,Paul Jeffrey Smith ,psmith@apache.org,2003-12-18 21:41,src/java/org/apache/log4j/chainsaw/receivers/PluginPropertyEditorPanel.java,// TODO: handle exception,171,171,52991087d7eb4a160d14f7d7193ae877777ff51a,Paul Jeffrey Smith ,2003-12-18 21:41,0c831191c19467e54fa8f30e640d8e41e4e99328,t,Paul Jeffrey Smith ,2005-02-25 3:17,1 year 2 mons 6 days 05:35:49,37280149
Log4j project,ad3450477a77a963b46c8c563e7c857e85a994ce,Paul Jeffrey Smith ,psmith@apache.org,2003-06-24 8:24,src/java/org/apache/log4j/net/SocketAppender.java,// TODO handle active/inactive,515,515,ad3450477a77a963b46c8c563e7c857e85a994ce,Paul Jeffrey Smith ,2003-06-24 8:24,9d8ddc07310be17aba019c96a80de3784753f578,t,Ceki Gulcu ,2003-06-25 17:21,1 day 08:56:21,118581
Log4j project,f45056b1a7489b6273f5ff26664c6788f29244de,Paul Jeffrey Smith ,psmith@apache.org,2003-12-23 2:54,src/java/org/apache/log4j/chainsaw/help/HelpManager.java,// TODO: handle exception,88,88,f45056b1a7489b6273f5ff26664c6788f29244de,Paul Jeffrey Smith ,2003-12-23 2:54,0c831191c19467e54fa8f30e640d8e41e4e99328,t,Paul Jeffrey Smith ,2005-02-25 3:17,1 year 2 mons 2 days 00:22:54,36915774
Log4j project,d8530a7ba0a823db98022edabcc018e5864ab2a5,Paul Jeffrey Smith ,psmith@apache.org,2004-09-02 0:30,src/java/org/apache/log4j/chainsaw/dnd/FileDnDTarget.java,//        TODO work out a better way of decorating a component,83,83,d8530a7ba0a823db98022edabcc018e5864ab2a5,Paul Jeffrey Smith ,2004-09-02 0:30,0c831191c19467e54fa8f30e640d8e41e4e99328,t,Paul Jeffrey Smith ,2005-02-25 3:17,5 mons 23 days 02:47:15,14957235
Log4j project,1f62d9a039c3ee68f66c6c5cb41760438777dfd8,Ceki Gulcu ,ceki@apache.org,2005-01-08 14:05,src/java/org/apache/log4j/helpers/OptionConverter.java,// TODO: this method should be removed if OptionConverter becomes totally static,60,60,1f62d9a039c3ee68f66c6c5cb41760438777dfd8,Ceki Gulcu ,2005-01-08 14:05,7c8d2d6732c10a519ac231edb406c97a38abc182,t,Curtis William Arnold ,2008-08-15 5:53,3 years 7 mons 6 days 15:48:26,113392106
Log4j project,e932b0f81efea5a6372513e317a4e753c8335ed2,Paul Jeffrey Smith ,psmith@apache.org,2003-06-25 4:05,src/java/org/apache/log4j/chainsaw/ChainsawToolBarAndMenus.java,// TODO think of good mnemonics and HotKey for this action,784,784,e932b0f81efea5a6372513e317a4e753c8335ed2,Paul Jeffrey Smith ,2003-06-25 4:05,0c831191c19467e54fa8f30e640d8e41e4e99328,t,Paul Jeffrey Smith ,2005-02-25 3:17,1 year 7 mons 29 days 23:12:10,52290730
Log4j project,d41228cc95ab66bc19e91207f2093bd6cbfd09dc,Paul Jeffrey Smith ,psmith@apache.org,2003-09-05 4:17,src/java/org/apache/log4j/chainsaw/ColumnComparator.java,"//		TODO not everything catered for here yet...",77,77,d41228cc95ab66bc19e91207f2093bd6cbfd09dc,Paul Jeffrey Smith ,2003-09-05 4:17,0c831191c19467e54fa8f30e640d8e41e4e99328,t,Paul Jeffrey Smith ,2005-02-25 3:17,1 year 5 mons 19 days 23:00:18,46242018
Log4j project,21c50bd181a2b62ade54f2ab926b2da30bc23311,Ceki Gulcu ,ceki@apache.org,2002-05-09 15:43,src/java/org/apache/log4j/spi/LoggingEvent.java,"// Note that we use Class.getDeclaredMethod instead of // Class.getMethod. This assumes that the Level subclass // implements the toLevel(int) method which is a // requirement. Actually, it does not make sense for Level // subclasses NOT to implement this method. Also note that // only Level can be subclassed and not Priority.",311,316,21c50bd181a2b62ade54f2ab926b2da30bc23311,Ceki Gulcu ,2002-05-09 15:43,8d15fcd9068d1e762b488bfc0d6fec3f0e6671fe,t,Curtis William Arnold ,2007-05-14 19:48,5 years 5 days 04:04:46,158234686
Log4j project,b702f7145d3f660ac350ec862df9e8e913c1fffa,Ceki Gulcu ,ceki@apache.org,2001-01-20 16:02,src/java/org/apache/log4j/spi/LoggingEvent.java,"// writing the Class would be nicer, except that serialized // classed can not be read back by JDK 1.1.x. We have to resort // to this hack instead.",195,197,b702f7145d3f660ac350ec862df9e8e913c1fffa,Ceki Gulcu ,2001-01-20 16:02,2586dda3d3d2d78414119dd9c49a734ce1b5a8d2,t,Ceki Gulcu ,2001-01-22 10:57,1 day 18:55:07,154507
Log4j project,ae5a19796d81ba878d522fa09787980f9924636e,Paul Jeffrey Smith ,psmith@apache.org,2004-05-20 23:13,src/java/org/apache/log4j/chainsaw/vfs/VFSPlugin.java,"// TODO this method will NEVER remove the children and repopulates if the node already has // children, be nice to find out // whether VFS can help determine whether it should 'relook' for changes or something.",163,165,ae5a19796d81ba878d522fa09787980f9924636e,Paul Jeffrey Smith ,2004-05-20 23:13,0c831191c19467e54fa8f30e640d8e41e4e99328,t,Paul Jeffrey Smith ,2005-02-25 3:17,9 mons 4 days 04:03:44,23688224
Log4j project,94eff9a041300970516ea866f8f0420d1cc75355,Elias Nathan Ross ,eross@apache.org,2007-01-26 5:44,src/java/org/apache/log4j/concurrent/WriterPreferenceReadWriteLock.java,"/*      Each of these variants is needed to maintain atomicity     of wait counts during wait loops. They could be     made faster by manually inlining each other. We hope that     compilers do this for us though.  */",83,89,94eff9a041300970516ea866f8f0420d1cc75355,Elias Nathan Ross ,2007-01-26 5:44,719d93cd529c1f406668242393ff188d7ae77025,t,Curtis William Arnold ,2007-07-18 5:06,5 mons 22 days 23:21:08,14944868
Log4j project,52991087d7eb4a160d14f7d7193ae877777ff51a,Paul Jeffrey Smith ,psmith@apache.org,2003-12-18 21:41,src/java/org/apache/log4j/chainsaw/receivers/PluginPropertyEditorPanel.java,"//        TODO when all the correct CellEditors are in place, remove this line",116,116,52991087d7eb4a160d14f7d7193ae877777ff51a,Paul Jeffrey Smith ,2003-12-18 21:41,2cd6937d8ca2245d854a4121ddcbab9c4cbb3db4,t,Paul Jeffrey Smith ,2003-12-19 3:21,5:39:51,20391
Log4j project,d5d9779ebba5f8bb25a2d1cf1df0312153e1f955,Ceki Gulcu ,ceki@apache.org,2000-12-19 13:14,src/java/org/apache/log4j/xml/DOMConfigurator.java,// Hack finished.,124,124,d5d9779ebba5f8bb25a2d1cf1df0312153e1f955,Ceki Gulcu ,2000-12-19 13:14,8d15fcd9068d1e762b488bfc0d6fec3f0e6671fe,t,Curtis William Arnold ,2007-05-14 19:48,6 years 4 mons 26 days 06:34:20,201983660
Log4j project,ad3450477a77a963b46c8c563e7c857e85a994ce,Paul Jeffrey Smith ,psmith@apache.org,2003-06-24 8:24,src/java/org/apache/log4j/net/UDPAppender.java,// TODO handle active/inactive,416,416,ad3450477a77a963b46c8c563e7c857e85a994ce,Paul Jeffrey Smith ,2003-06-24 8:24,a18b74108260ddfa7ca6e13ce8400dcbfe29b68a,t,Ceki Gulcu ,2004-05-27 14:17,11 mons 3 days 05:52:20,28792340
Log4j project,54e0894a235cf32342eb9ccc6776b3172c67a65c,oburn ,dev-null@apache.org,2003-03-10 10:24,src/java/org/apache/log4j/chainsaw/Start.java,// TODO: add any more stategies,90,90,54e0894a235cf32342eb9ccc6776b3172c67a65c,oburn ,2003-03-10 10:24,e932b0f81efea5a6372513e317a4e753c8335ed2,t,Paul Jeffrey Smith ,2003-06-25 4:05,3 mons 14 days 17:41:12,9049272