project_name,version_name,version_hash,version_date,version_order
apache-ant,TOMCAT_31_M1_RC1,0594183948be387180a9635b80e9ccfb52e8374f,2000-01-14 13:50:24,0
apache-ant,TOMCAT_31_M1,b945eda187beb0041c6251d0aa6e1cbf3e6579cb,2000-01-21 04:44:50,1
apache-ant,TOMCAT_31_BETA1,9ed5fadfd1ff606852ab2c4e8b3c9a40805524a8,2000-03-05 19:43:47,2
apache-ant,TOMCAT_31_RC1,8c9cea7acdaa96fdef5dc4439f85cee921bc596a,2000-04-12 16:20:53,3
apache-ant,TOMCAT_31_FINAL,0e3903c23e894da440c1b21b517989a5e7719d57,2000-04-12 16:20:53,4
apache-ant,ANT_11,5b11971b96a39668b89d0210ac6e8c00032995a1,2000-07-18 07:50:21,5
apache-ant,ANT_12,311a5f7cce44dfdcb66c7275e84ca2f201845d52,2000-10-24 08:45:24,6
apache-ant,ANT_13_B1,2603cf90f8277f051c17e144218e6eb39d2e7918,2001-02-05 13:54:05,7
apache-ant,ANT_MAIN_13_MERGE1,3b370ea8c95d525fe125bed0bdb110206f400653,2001-02-10 15:13:09,8
apache-ant,ANT_13_B2,0f6eaf27dcce610082b9e47d80e8e0c6fc09bf8d,2001-02-15 11:26:16,9
apache-ant,ANT_13_MAIN_MERGE4,086906487d306d8fdb5d2489f3e6ea3ed6bb9dd6,2001-02-18 13:28:03,10
apache-ant,ANT_MAIN_13_MERGE4,05928811c5ed58fec5c358cdaa63baf993866ea3,2001-02-18 13:44:44,11
apache-ant,ANT_13_B3,09f0d5536d62cbd2f3131a07ef9d7b768fb63a3e,2001-02-21 13:21:28,12
apache-ant,ANT_13,71d035b07bf886e3a071917b8c3b94515773e49d,2001-03-01 11:53:58,13
apache-ant,ANT_14_B1,ba9786dbe557e4a12f91a597cc26638b29c93b9f,2001-08-09 11:54:06,14
apache-ant,ANT_MAIN_14B2,596b21c73022c953121a97f8d4f51c15a4602bbe,2001-08-19 05:52:00,15
apache-ant,ANT_14_B2,b4ae8dd9647a4b253597250be8dc1797c3e4fec6,2001-08-19 15:17:25,16
apache-ant,ANT_DOCS_PRE_14,d464069892202397438c4b7aa9b9ebc088267866,2001-08-21 13:37:09,17
apache-ant,ANT_MAIN_14,5859c51db117b00c4ae9a51532d65454babef9c3,2001-08-30 13:29:20,18
apache-ant,ANT_14,17edf52615670b78ee8079e4b501981f4d2a5b34,2001-09-03 09:40:05,19
apache-ant,ANT_141_B1,fb7f7494fbbb4b3a61a24739a88c818711c364e4,2001-10-01 08:17:40,20
apache-ant,ANT_141,542b54ebefac71b17f4f2f8be9114a011c08b64d,2001-10-11 13:05:27,21
apache-ant,MYRMIDON_PRE_CONF_MUNGE,b582e77a5e6af06bcfbe653764424226600bfece,2002-03-05 07:54:00,22
apache-ant,temp,051cb54f67b7b82b96d3197e1655cc39e9878a41,2002-05-07 11:08:33,23
apache-ant,ANT_15_B2,2362956ff3d00dcf48e354d29aba3663cc25af29,2002-05-31 23:01:29,24
apache-ant,ANT_MAIN_15B2,d8381fe36be34fd2b00c1e029792476686726691,2002-06-01 12:26:43,25
apache-ant,ANT_15_B3,0cd0bee4f08318c33936d907b7d9575c5517fd54,2002-06-22 19:45:44,26
apache-ant,ANT_MAIN_15B3,9545540bedc4c008d31899a4c471c17a2b1dbc9c,2002-06-22 23:46:50,27
apache-ant,ANT_15_RC1,4bf10d187eee092431f2ad8a773cc3b108249ea5,2002-07-07 20:52:02,28
apache-ant,ANT_15_FINAL,6a58fc065a946967e4842914d64b2e3259305021,2002-07-09 15:05:30,29
apache-ant,ANT_MAIN_15FINAL,5b6a1de04ceb83cfcb5fa72b0e5fb7444f5eff9d,2002-07-09 21:08:30,30
apache-ant,ANT_151_B1,f47077377b50e0d5fc5e8f0c6b7ab5df9880a560,2002-08-19 15:17:00,31
apache-ant,ANT_151_FINAL,cb3bc5fa53684533f42385432e356fea9a4eec19,2002-10-02 14:48:48,32
apache-ant,ANT_152_B1,75aaa11d9145baee150dfac687df2a8a24ab3203,2003-02-21 15:54:20,33
apache-ant,ANT_152_FINAL,9e0288a83f49d3f891707c4f1a68e6c6941d767c,2003-02-28 15:19:59,34
apache-ant,ANT_153,c4fd3ec17942471b771178736120fa7e27a21933,2003-04-08 14:17:04,35
apache-ant,ANT_154,2f25bfb118dbc829513060c312c817de4a32b83e,2003-08-11 06:09:51,36
apache-ant,ANT_16_B1,f64b6066d4d43a8fba222d8b2fd93cec2542a748,2003-09-30 09:38:53,37
apache-ant,ANT_16_B2,ab8035ab67e0187e151cf52714740d91c3c31dc9,2003-10-16 21:46:31,38
apache-ant,ANT_16_B3,451cb59aaf541d2013fc3e0e4a6da37c0ca55d22,2003-12-04 22:38:16,39
apache-ant,ANT_160,95b3cf06f18f717ce5dda4b77bfc3eed8b534ba8,2003-12-18 12:46:41,40
apache-ant,ANT_161_B1,826a9c264a0f90f968f7785293f75fca4c55a404,2004-01-29 20:21:15,41
apache-ant,ANT_161,026aec5fec7813d0f547ab8c34fdc52935ef4d18,2004-02-12 12:39:00,42
apache-ant,ANT_162_B1,453884c9386f4c34a9cfa4e659f91a8c08aa11bd,2004-07-02 09:35:45,43
apache-ant,ANT_162,873e0bf34355cd3e6270dbf0fd3a6de9853f9e79,2004-07-16 07:37:11,44
apache-ant,ANT_163_B1,7e1f66abcee3a55d533a6d3a2b4bab7f0335cb68,2005-03-31 12:24:51,45
apache-ant,ANT_163,e124660c8816c0797e3daa46ed30414afca97de1,2005-04-28 13:12:32,46
apache-ant,ANT_164,fd1c5a944e65d3399ca91dfe4d50e9a1985b0567,2005-05-19 12:29:28,47
apache-ant,ANT_165,a8730e5fea151a79c131ea0b20c856a44a4c54d4,2005-06-02 13:03:52,48
apache-ant,ANT_170_B2,0a03d089c8aabaf5d7dd80cb0521e669ce5927f3,2006-09-17 13:32:48,49
apache-ant,ANT_170_B3,82c532c3813975fc80f6511ff14dcfbee2eed71e,2006-10-15 23:32:12,50
apache-ant,ANT_170_RC1,b3ffba3cca3741c497779d4de740a4550133717a,2006-11-05 22:04:58,51
apache-ant,ANT_170,6bfe7759b0d7662f764a6efd97436b48aa74da2a,2007-10-29 17:30:35,52
apache-ant,ANT_171_B1,9727f70e961a6aed911398b7731397e5f5385f17,2008-03-13 03:15:16,53
apache-ant,ANT_170_B1,260c358e911341817f641033cc50ddfe78618c65,2008-03-18 02:44:37,54
apache-ant,ANT_171,ac9312e5af18d58e91c08c4cc4a9cdf0bf325df8,2009-01-15 11:20:14,55
apache-ant,ANT_180_RC1,03ce8558d603de7b653145c0efde5f719e78a71a,2010-01-05 21:44:08,56
apache-ant,ANT_180,7d104a8e46eca0350b1e39694f3987d312978689,2010-02-02 00:49:23,57
apache-ant,ANT_181,511c9956704a6023d1d1b1403d36f58eab10266b,2010-05-01 03:41:05,58
apache-ant,ANT_182,cd4c13a2a35521c84227fbf3aee1c6065283cf7f,2010-12-20 18:59:29,59
apache-ant,ANT_183,25f34e9d0e285d75737835034daf0f5d589cce02,2012-02-25 19:19:07,60
apache-ant,ANT_184,7105ec785cdcc0faa9afcb9b8384d4864f08a5d6,2012-05-22 04:16:50,61
apache-ant,ANT_190,b47c505fa7563e9b0ea1e4667ae8f2f7aed3b007,2013-03-06 04:20:43,62
apache-ant,ANT_191,c2b4e32baff15cf12ba5326873c920906f3e5b3a,2013-05-16 02:44:40,63
apache-ant,ANT_192,4225ec6b43fb4d2dc1e373c2a61229a9a4e4922d,2013-07-08 16:49:23,64
apache-ant,ANT_193,281db9e2196dad6dc4e5c70bb9ebb846d815e0c3,2013-12-23 14:56:20,65
apache-ant,ANT_194,1c927b15af84cfce315a0ef6f4db60c7d47c2c50,2014-04-30 03:03:47,66
apache-jmeter,v2_5_RC3,cb858ac330133a48cbb4aa34787f2a07b77981fc,2011-11-01 21:24:22,0
apache-jmeter,v2_5_1_RC3,483e2131781cd1e0cf2bc50b384f5c89d237132d,2011-11-01 21:24:22,1
apache-jmeter,v2_5_1,592cb94343932040ef61f28ebeafce4ee4c62d4d,2011-11-01 21:24:22,2
apache-jmeter,v2_5,5c83475b70f0bec5063945b2dca695b879cccb22,2011-11-01 21:24:22,3
apache-jmeter,v2_4,a7a4d7008ddb5e9982eff14829af96b7f466ee8c,2011-11-01 21:24:22,4
apache-jmeter,v2_3_4_RC3,7e90f5634273ebe6903b3fb8d04be4ed014aabaa,2011-11-01 21:24:22,5
apache-jmeter,v2_3_4,f0699d7ec473403b55fafdac0533912ab9a8e32a,2011-11-01 21:24:22,6
apache-jmeter,v2_3_3_RC2,80fb02fa9975164d2541b6ff67b4f090655bf8ca,2011-11-01 21:24:22,7
apache-jmeter,v2_3_3,cb3592ac46a7a41d00e70bad0319f09960e6235c,2011-11-01 21:24:22,8
apache-jmeter,v2_3_2,16dbac80507ce8c6bcee8079d54fff44b8d325a2,2011-11-01 21:24:22,9
apache-jmeter,v2_3_1,830c1e3348ccac335abe335034a605ce70643eb3,2011-11-01 21:24:22,10
apache-jmeter,v2_3,7fee7fb307375f75a735063524d93de9725caaff,2011-11-01 21:24:22,11
apache-jmeter,v2_2,ebfa34c462f0abbcb58661f7e55208f539f2fce2,2011-11-01 21:24:22,12
apache-jmeter,v2_1_1,f0a9da7f0597e9ce30dad90b502354585e9fbedc,2011-11-01 21:24:22,13
apache-jmeter,v1_9_1,4ebe2d2a6dabe68a10f34f27286bc1df503eefd0,2011-11-01 21:24:22,14
apache-jmeter,v1_9,246eaa2593b064cbf5d5ba7def6b4c1f36e78a84,2011-11-01 21:24:22,15
apache-jmeter,v1_8_1,5d8e1abc60a80e31b67e9d46fc5f439a39ef3ac9,2011-11-01 21:24:22,16
apache-jmeter,v1_8,e905614553f4f3ff0d6aa346abbfcaaf49622f88,2011-11-01 21:24:22,17
apache-jmeter,v1_7_3,2158d23138a2625a04aea4032bd510741eea3c92,2011-11-01 21:24:22,18
apache-jmeter,v1_7_1a,7b505e5e46e909d5a6c6d3bc912532d3ba13a063,2011-11-01 21:24:22,19
apache-jmeter,v1_7_1,bf8801747d0b131290e441c9a03cd2b7b53abb85,2011-11-01 21:24:22,20
apache-jmeter,testhead,f0ffbff220807bea5f27af61edd95227d69e91ae,2011-11-01 21:24:22,21
apache-jmeter,test1157668,2a7e5aa62897234d343017a516c33bf8e9f43585,2011-11-01 21:24:22,22
apache-jmeter,test-bin,6d76e6b997bdce8622411bcea026379b504072be,2011-11-01 21:24:22,23
apache-jmeter,test,7626d007d58175c6e9f980845218ecd8003849ec,2011-11-01 21:24:22,24
apache-jmeter,start_refactorings,1a691ae326080c229b9f6c32346f75c50802ff22,2011-11-01 21:24:22,25
apache-jmeter,sas_checkpoint,3216e9a4ed591a34cd39e91a95e42e5153fa7c28,2011-11-01 21:24:22,26
apache-jmeter,release2-1a,e59d8b02f810bf5dee9c033fed5b018765c54841,2011-11-01 21:24:22,27
apache-jmeter,rel-2_1,3081844d90b899e9f46402fe08dbc313b8797996,2011-11-01 21:24:22,28
apache-jmeter,rel-2_0_3,8a4328c73dcc31bad2da97d72fb4e1e74f8fc7e9,2011-11-01 21:24:22,29
apache-jmeter,rel-2_0_2,6f0618214705fbaee81e1514cd32769f6c6d30c6,2011-11-01 21:24:22,30
apache-jmeter,rel-2_0_1,d2f3a55a5948f90ac06ae69a4144f4e79c25ba1b,2011-11-01 21:24:22,31
apache-jmeter,rel-2_0_0,3229192f71083e437832144f8847239a2c13b208,2011-11-01 21:24:22,32
apache-jmeter,pre_properties,0683096d64a84f8affcde0907bdd3e61d9d22d16,2011-11-01 21:24:22,33
apache-jmeter,merge-2-1,472bdb9d7719134a268b3dc293e2d0e761a91290,2011-11-01 21:24:22,34
apache-jmeter,merge-2-0,a83aa95d8fe2e3e17c6496b049a43024530d54e8,2011-11-01 21:24:22,35
apache-jmeter,latest-rel-2-1,b53aa87b6a09e3620b30fcc91d196b29dedbc3a2,2011-11-01 21:24:22,36
apache-jmeter,latest-2-1,57975e5d1c8f8ee08e5a87978b70181647882855,2011-11-01 21:24:22,37
apache-jmeter,latest,8ca8c6bb827b4ce162b5dadd297b7a76bd1dac82,2011-11-01 21:24:22,38
apache-jmeter,jmeter_1_3,a1410d120c5120d614f893fc26102ee5cc1bbf86,2011-11-01 21:24:22,39
apache-jmeter,jmeter_1_0,6fbff0c625f0b395872329c9eb5574d3a678218d,2011-11-01 21:24:22,40
apache-jmeter,jmeter1_7,494bb077c118f0ebba15f41d9896d4986d46e6ac,2011-11-01 21:24:22,41
apache-jmeter,jmeter1_5,bee1af3507722478f9cb0d9436ec6b078acc710b,2011-11-01 21:24:22,42
apache-jmeter,initial,30fd8dc483f27310358f1bd5619515227237453a,2011-11-01 21:24:22,43
apache-jmeter,avendor,30bcd4397d5be2c218924e1a4e0844580653ca0a,2011-11-01 21:24:22,44
apache-jmeter,apache,46f1837fbec6d7362a96364e4dc238a3b4e0f461,2011-11-01 21:24:22,45
apache-jmeter,Root_testbeans_experimental_branch,b866927d81e7c7ea924bd3180e9a2943dd5f29cb,2011-11-01 21:24:22,46
apache-jmeter,Root_rel-3-1,8f632c6a228748da9fdc969948d72019a9a8894e,2011-11-01 21:24:22,47
apache-jmeter,Root_rel-2-1,73b690dea61c27beb9607603faf97b191fde1769,2011-11-01 21:24:22,48
apache-jmeter,JMeter1_0b1,96c7f26f70c98b9c08b28b8e3b58e5cc4abc3119,2011-11-01 21:24:22,49
apache-jmeter,v2_6_RC1,56ce44dcb6567c5600fc976a79b4be8650d52381,2012-01-28 18:23:57,50
apache-jmeter,v2_6_testRCtemp,cc8814e6fd8939207f4a3288768561e9fe2e900d,2012-01-29 10:44:03,51
apache-jmeter,v2_6_RC2,e9e4181e9489029630ad0de4e79054adea5ce583,2012-01-29 15:48:59,52
apache-jmeter,v2_6,29253816d4116e5c31ca7eb784efaf4e2da35476,2012-02-01 20:19:12,53
apache-jmeter,v2_7_RC1,1ce79af4ad3ad9be9c7ffda2254b59fd9d481590,2012-05-19 16:11:15,54
apache-jmeter,v2_7_RC2,bd69c3acdee8408af82217b1d881b60e77ae9030,2012-05-24 18:18:36,55
apache-jmeter,v2_7_RC3,71406cf08b85b5f676c09f110332762723cd5485,2012-05-24 19:28:05,56
apache-jmeter,v2_7,e12be45e18d102e37bd69f7e466fad16e449060e,2012-05-27 21:06:50,57
apache-jmeter,v2_8_RC1,120b62413c6f23a54fb5100f03999494bbcd0c97,2012-09-30 09:26:28,58
apache-jmeter,v2_8,a7de9d929e4da293475fa396c682fd73efd500f5,2012-10-05 19:31:53,59
apache-jmeter,v2_8_RC2,817c569af8395677752b5226a5ab6e7161fadfa0,2012-10-06 09:49:26,60
apache-jmeter,v2_9_RC1,2276eb2694c99c6e2850e58a6546c82cf071162f,2013-01-24 10:36:18,61
apache-jmeter,v2_9_RC2,60c03f632017a035705ebe0757ca89872ba0c1e3,2013-01-24 10:50:26,62
apache-jmeter,v2_9_RC3,25be4f7a5beb07e4b1331cc9cd18597e5bf4323f,2013-01-24 11:22:26,63
apache-jmeter,v2_9,a335157f68cf60e944b6c32c3cebe25d76bd18fc,2013-01-27 17:26:36,64
apache-jmeter,v2_10_RC1,1832504fce021b9d95c09b39a12b2086ef5ff538,2013-10-16 14:07:11,65
apache-jmeter,v2_10_RC2,67756c23fa43e789a57306bbf26b78f403717db8,2013-10-17 12:47:07,66
apache-jmeter,v2_10,05e19dd900305b43296a89a8fbbd4669b987546b,2013-10-20 16:29:48,67
apache-jmeter,v2_11_RC1,dc0048cb0ef4e939a40e64ee961c33b693b9d44a,2013-12-31 15:07:29,68
apache-jmeter,v2_11_RC2,97362d3749bdf98a71ded7234a9b750676c5e4c9,2013-12-31 16:05:56,69
apache-jmeter,v2_11,e63dfe953a27aeaaabe5fd4fc51831bf1aee5a24,2014-01-04 13:28:30,70
apache-jmeter,v2_12_RC1,1c14d5444da52e2a7a0b24bc9e0ab14d4fb107e8,2014-11-02 15:01:40,71
apache-jmeter,v2_12_RC2,e66a5e0fa7682cd4e439077a0e31410e79b03b49,2014-11-05 20:09:05,72
apache-jmeter,v2_12,2fd5e2d0a3e8f651673b9af4ba998259dbcc9e0b,2014-11-09 10:41:18,73
apache-jmeter,v2_13_RC1,9e3f9a87bd50c1bd601850e22a63120b4ce95bda,2015-03-03 22:16:43,74
apache-jmeter,v2_13_RC2,45c45c75c7cc9dfdde1cc071b6fd44bbd061612d,2015-03-08 18:57:24,75
jruby,0.9.0,da7bf857f3937a697e750a5264a565b2f383d58a,2006-07-05 19:21:16,0
jruby,0.9.1,f73aa207235991c35e06d1ff93841f015cf537eb,2006-10-20 17:02:40,1
jruby,0.9.2,3c5376612e250f81c16ca03c45b35068339b6bb9,2006-12-10 18:04:54,2
jruby,0.9.8,42ebe052809ff152e2a48993d7e9d648bddf6821,2007-03-05 23:39:25,3
jruby,0.9.9,5ec3156e26776fc4d13c7bfa898ae06f1db55f07,2007-04-23 21:26:50,4
jruby,1.0.0RC1,2827f243e0ace7b71322151aa7325665dffe3ee4,2007-05-16 05:15:51,5
jruby,1.0.0RC2,b65f42b96ae7b2f3fdac35a5d6f9d5efbaf94976,2007-05-17 00:11:59,6
jruby,1.0.0RC3,f0e300491fda5d64378af71421168104481f3994,2007-06-02 23:29:56,7
jruby,1.0,59ffbb42a9d511a7835da3330521524918782ed2,2007-06-07 15:35:42,8
jruby,1.0.1,5c205bc7d84a0aecd4a9b9ccfd94414ac56f576a,2007-08-23 21:12:11,9
jruby,1.0.2,6db1148f7a5b42bc0b168c1ffa22d372ac2d4a03,2007-11-01 15:30:42,10
jruby,1.1b1,816e32ecac39a40cbdf1a73c63ca50e2d06ec2f9,2007-11-07 04:40:10,11
jruby,1.0.3,478d214aaedc5107158c9d7f7d959e449c48cf5f,2007-12-15 15:45:57,12
jruby,1.1RC1,f07fbf8b11037929626a40aee7d9616adbf07c21,2008-01-07 23:48:22,13
jruby,1.1RC2,92dd8b805b5fc4ae4821ad9713840a99bc0ff2eb,2008-02-19 00:19:53,14
jruby,1.1RC3,38009c2bd7e4fa72573f1b107472312418bb49be,2008-03-18 19:59:53,15
jruby,1.1,39e7f4ec49a0022bdf98e2749cedc6f1cc629782,2008-04-06 02:56:32,16
jruby,1.1.1,c48fef96cd901aa999c7ee8fce3b980e00f94cf0,2008-04-22 19:12:08,17
jruby,1.1.2,50ddbfab7c9cedfed310fb7fafefa476988a8abe,2008-05-28 17:46:27,18
jruby,1.1.3,5100a2848a65f062802181904fe05162c9c86a49,2008-07-20 18:52:49,19
jruby,1.1.4,543db206e561b770d892c191946ef55cda8a9dd9,2008-08-28 18:30:27,20
jruby,1.1.5,d521748124bd29085781c58fe2b3b673d36981f0,2008-11-03 22:37:31,21
jruby,1.1.6RC1,4ddb86323df170c48eb93644c25dbf2324d8114c,2008-12-03 21:47:33,22
jruby,1.1.6RC2,b25d5342931e442b0bc03592f6377742ff65769f,2008-12-17 19:38:10,23
jruby,1.1.6,35d92814d3c39ada33f2869766b8839ccd03d05f,2008-12-17 19:46:02,24
jruby,1.2RC1,c829fe662b0fc0a452438a2f44d5d5df1edbbbb2,2009-02-24 23:38:49,25
jruby,1.2.0RC2,33c7a809cb63d4407262d5dd50ddde7bf29f94be,2009-03-06 22:01:14,26
jruby,1.2.0,c19d1b908b83794897d83a89ab08ed9d20f681ac,2009-03-16 15:10:54,27
jruby,hudson-whatever,0cc858f14daa9750596051cb5b92c317ed17c401,2009-04-08 13:41:47,28
jruby,1.3.0RC1,9cbadb8845cda9602ea40e179fda216ff9b8d570,2009-05-01 11:49:31,29
jruby,1.3.0,5dc2e22d9ebb1f8d880df00ac3e8d02b776df638,2009-06-03 13:21:08,30
jruby,1.3.1,2fd6c3d9018ba3d1e3e80f280d04f94c14351eaa,2009-06-14 21:58:20,31
jruby,1.4.0RC1,80c263b1c7175719e0ee08c3e4ea4d99135e2a98,2009-09-30 15:15:36,32
jruby,1.4.0RC2,7e77f3249d45cb202250d985ed9a909390cda1b8,2009-10-21 11:06:42,33
jruby,1.4.0RC3,d0f6289d26e3b9f866ebb93dd5d54d5686bf5b51,2009-10-28 14:06:14,34
jruby,1.4.0,69fbfa336591fb1a65d4000556b3fedda30baf8f,2009-11-02 12:13:51,35
jruby,1.5.0.RC1,0b08bc7eb5921a423e99075d9cbd772c05fc6b6b,2010-04-14 12:37:24,36
jruby,1.5.0.RC2,7c245f35b569b4dbbf8560ba7ac5d86ccdc19867,2010-04-28 10:30:42,37
jruby,1.5.0.RC3,603f15a171cac5f41285e86c518a1cc3f233b02d,2010-05-04 12:56:25,38
jruby,1.5.0,67699992bb978750af7a5b86ff550452cde34dd0,2010-05-12 08:00:31,39
jruby,1.5.1,f3a348082d7e52068d820f8c1f189f0e2aa45084,2010-06-06 10:43:16,40
jruby,Dirty-hackish-mkmf,0d61edbc8b6aa48f7bae689e9b80351a105c9b6c,2010-06-21 21:19:43,41
jruby,1.5.2,1c5e29d73a90bd0dd0f9e6e090ea529644e38fbb,2010-08-20 14:30:48,42
jruby,1.5.3,7ca06d70f1cc61dde479f8f86bc1f9a75a152be4,2010-09-27 17:46:05,43
jruby,1.5.4,b44b31f22ee42877018cac53271b6fea2b688cd7,2010-11-08 23:27:20,44
jruby,1.5.5,4bd42008fd48e40c94b92456c7dff2d8916e80e1,2010-11-09 16:53:35,45
jruby,1.5.6,9cf97c3b93594958562ffb588b1f61af8f298bf7,2010-12-02 15:11:53,46
jruby,1.6.0.RC1,769f84776c1a109201f82ea455afdb31afcf1877,2011-01-10 11:28:52,47
jruby,1.6.0.RC2,5434c72bfea657f8e5209aef335073125b9fb303,2011-02-09 08:59:14,48
jruby,1.6.0.RC3,bb55fc06302a4d46fde4dac92610cf1d17c06acd,2011-03-07 17:13:54,49
jruby,1.6.0,f3b6154f0e817bbc3eba9a6fdbd70bc4588edb1c,2011-03-15 13:13:24,50
jruby,1.6.1,85838f69f2ead20daaf39fe607508af0968a6c57,2011-04-12 01:21:40,51
jruby,1.6.2,e2ea975a6ed6d31ea5ed2e564e11f6cf2a2434f6,2011-05-23 16:23:48,52
jruby,1.6.3,965162fb822bf399bd1f61f923049984c97c09b4,2011-07-07 13:07:43,53
jruby,1.6.4,17ea7681901ea6b0d069a3d1ebf1bcd9331ca43b,2011-08-23 11:53:17,54
jruby,1.6.5,9dcd3885dd165f04df36f1879da013855131a9ba,2011-10-24 23:19:34,55
jruby,list,e62f60123f19361a1460d87e15b91f912e359cfe,2011-10-25 10:06:28,56
jruby,1.6.6.RC1,6c0234b7699f1873d669f5f3462502cbb4e21606,2012-01-26 09:59:07,57
jruby,1.6.6,56735729b1f89501726af1fbc4ce2a8dd223ba77,2012-01-30 10:55:39,58
jruby,1.6.7,3e82bc897f4ce617006fe7d699837e2d09450918,2012-02-22 11:13:28,59
jruby,1.6.7.1,d078fee6def30e24832567cfc02244e6afb16b57,2012-04-19 10:07:33,60
jruby,1.7.0.preview1,00c8c983d18db9e9af381aaea1bb0c2c7601fa12,2012-05-18 18:00:17,61
jruby,1.7.0.preview2,4a6bb0a2c641eb2e4da78519971b55777321ba29,2012-08-07 00:24:18,62
jruby,1.6.8,0f73d7bc83211cf945e9dfce8a7bbe0fbcc36816,2012-09-19 12:16:57,63
jruby,1.7.0.RC1,8e849de2e3ac68fb8d85b53c19b824c657312ac9,2012-09-24 16:02:59,64
jruby,1.7.0.RC2,142cc7b834fec949da782fb845e01c8786438ef5,2012-10-09 09:29:03,65
jruby,1.7.0,ff1ebbe9317706fd44e5be7631011bde8f54a935,2012-10-22 09:52:37,66
jruby,jruby-openssl-0.8.1,80ba2ff470d4748a1836d40afac0b879b9a0d943,2012-12-04 13:16:06,67
jruby,jruby-openssl-0.8.2,91202e404f83f82ee9ba13c28d6173a7cb270893,2012-12-11 14:39:15,68
jruby,1.7.2,302c70645c99941197b8a60a284a3289372ed812,2013-01-04 11:18:37,69
jruby,1.7.3,dac429bbec3de5a68bc7d5dfb30b156e64737552,2013-02-21 09:48:36,70
jruby,jruby-openssl-0.8.4,9c65676ef3fc17b563795e8ef50d3b1da97e9d0c,2013-03-10 23:31:09,71
jruby,jruby-openssl-0.8.5,dfd181186c810794c44dfd6da172136dc455c304,2013-03-14 17:02:33,72
jruby,jruby-openssl-0.8.6,9e6bd16a84cb9f0bd527a40ad5d4fccb5ceebe11,2013-03-16 13:37:24,73
jruby,jruby-openssl-0.8.7,a4ad6da540163e1b3edfaf6a5189c55818c9b594,2013-03-20 18:57:52,74
jruby,jruby-openssl-0.8.8,33922411fae406590f0f47d6e6ad76bdce132108,2013-04-27 00:52:26,75
jruby,1.7.4,2390d3b024660240e4770f4de20922c1c88e1cc5,2013-05-16 13:04:04,76
jruby,last_success,678a355b2a034af3d0931de2b3081ec93ac28086,2013-06-28 02:03:53,77
jruby,localhead,5b6ae21ccb959d596d777536c5430c964d19b260,2013-06-28 15:41:16,78
jruby,1.7.5.dev,36f642b045c72d5512d32dcd0cab01f59ce36772,2013-09-20 11:21:27,79
jruby,1.7.5,74e929198daec4b3c30305374693c4c8918c6944,2013-10-05 21:58:22,80
jruby,1.7.6,6004147ae8ab2b7ccfeb2358350aa50bc88caeee,2013-10-22 13:02:15,81
jruby,jruby-openssl-0.9.4,2a9bda94902bb2186042ed2276db5810dbfac8bd,2013-10-22 17:47:41,82
jruby,1.7.7,3e7a99ca1b87af2169647386b2b3ee9cf966e324,2013-11-14 14:59:48,83
jruby,1.7.8,0ce429e85317050dea46f43303de99452ff848d0,2013-11-14 19:01:30,84
jruby,1.7.9,87b108a314e6eb567e41912e6540f17a71e46dfa,2013-12-06 09:38:30,85
jruby,1.7.10,c4ecd6b82af0d12a0cf43f7f91b959e493c1aeb5,2014-01-09 16:03:17,86
jruby,1.7.11,86339bb4294003367af1709f3ff156e422616a7d,2014-02-24 11:08:22,87
jruby,1.7.12,21eb52653c33490d4583c57e34d931d16af963f6,2014-04-14 09:57:55,88
jruby,1.7.12-d18,49189e560554d916ff9a56e5539af3f7b2ab0d99,2014-05-03 20:24:55,89
jruby,jruby-openssl-0.9.5,6dd44aff03eef0fcbbb1be48e084aac2c73d69a5,2014-06-24 17:10:54,90
jruby,1.7.13,43f133c4f8f454da121db63f09cf39656126d6b9,2014-06-24 18:16:10,91
jruby,1.7.14,d36897162c9bc2e664554fd815f67e18598b0558,2014-08-27 19:27:47,92
jruby,1.7.15,82b5cc31144e7452c897acf1a8bebd1b519642a0,2014-09-03 10:14:16,93
jruby,1.7.16,575b395a61800a2becb4a88deb75570457821b95,2014-09-25 14:21:03,94
jruby,1.7.16.1,4e93f318f3301cf99ed483522bf6a5d75253918b,2014-09-26 09:15:09,95
jruby,1.7.17,fafd1a707dd5b0d13571c5314869678aed57e8ae,2014-12-09 11:10:59,96
jruby,1.7.18,625381cc4722eeabc2d9a2150bd929310b1ac16f,2014-12-22 13:25:41,97
jruby,9.0.0.0.pre1,d537cabe3b7c1b3d2873f66fb7cf886f11524273,2015-01-20 20:25:05,98
jruby,1.7.19,32f5af07e22f174342e45c441236968b8095a8a9,2015-01-30 09:22:09,99
jruby,9.0.0.0.pre2,cb96d72684186e6205f750409e485d8dccd156e8,2015-04-28 08:06:46,100
jruby,1.7.20,3086e6a0e47ac4b3acbc2bc3cf242b45e9e0aafa,2015-05-04 15:45:23,101
jruby,9.0.0.0.rc1,a0bf3b3c70f51e5ecd3440eaee965320cfd9e651,2015-06-10 13:50:58,102
jruby,1.7.21,a741a82fc802e483f7a8e798db34d7bc0824bb37,2015-07-07 09:54:39,103
jruby,9.0.0.0.rc2,ff331ebb0db16fb0dbfef167168468d872747a6a,2015-07-08 13:48:59,104
jruby,9.0.0.0,e10ec96f39d236e947d969877d138123a8af5344,2015-07-21 12:19:26,105
jruby,1.7.22,c28f4926e498e07a0d141846a3f04e13c3c125cd,2015-08-20 11:52:30,106
jruby,9.0.1.0,583f336a032da565cd2861fa4a0944386ec84699,2015-09-02 09:02:15,107
