"project_name","epoch_time_to_remove"
"Camel",34326553
"Camel",13459
"Camel",14303437
"Camel",13459
"Camel",32020508
"Camel",13459
"Camel",19131
"Camel",48378037
"Camel",40562482
"Camel",5605193
"Camel",20741190
"Camel",5605193
"Camel",5605193
"Camel",5605193
"Camel",167998
"Camel",1197228
"Camel",39410198
"Camel",13459
"Camel",13459
"Camel",14303437
"Camel",13459
"Camel",13459
"Camel",13459
"Camel",13459
"Camel",13459
"Camel",13459
"Camel",13459
"Camel",52369027
"Camel",13459
"Camel",3350
"Camel",13459
"Camel",5605193
"Camel",5605193
"Camel",5605193
"Camel",5605193
"Camel",48205
"Camel",5605193
"Camel",5605193
"Camel",5605193
"Camel",5605193
"Camel",5605193
"Camel",5605193
"Camel",1197228
"Camel",1197228
"Camel",13885436
"Camel",17155908
"Camel",13459
"Camel",13459
"Camel",13459
"Camel",22881026
"Camel",52384626
"Camel",13459
"Camel",13459
"Camel",13459
"Camel",13459
"Camel",166880
"Camel",5605193
"Camel",18221
"Camel",9818658
"Camel",1197228
"Camel",13459
"Camel",13459
"Camel",13459
"Camel",5605193
"Camel",872624
"Camel",19131
"Camel",5605193
"Camel",5605193
"Camel",13459
"Camel",13459
"Camel",13459
"Camel",22881026
"Camel",5422978
"Camel",13459
"Camel",13459
"Camel",19131
"Camel",19131
"Camel",5605193
"Camel",1197228
"Camel",5605193
"Camel",1197228
"Camel",67283935
"Camel",73222476
"Camel",118884662
"Camel",8448327
"Camel",1642758
"Camel",1197228
"Camel",27365604
"Camel",13459
"Camel",191586202
"Camel",10247075
"Camel",13459
"Camel",13459
"Camel",13459
"Camel",4737610
"Camel",52369027
"Camel",19570326
"Camel",13459
"Camel",13459
"Camel",151642941
"Camel",777674
"Camel",13459
"Camel",14303437
"Camel",13459
"Camel",42043713
"Camel",5605193
"Camel",5605193
"Camel",5605193
"Camel",5605193
"Camel",5605193
"Camel",5605193
"Camel",5605193
"Camel",5605193
"Camel",5605193
"Camel",5605193
"Camel",5605193
"Camel",5605193
"Camel",5605193
"Camel",5605193
"Camel",1197228
"Camel",1197228
"Camel",5605193
"Camel",13459
"Camel",13459
"Camel",6483532
"Camel",13459
"Camel",13459
"Camel",9818658
"Camel",10352401
"Camel",13459
"Camel",14303437
"Camel",13459
"Camel",22533371
"Camel",19131
"Camel",13459
"Camel",13459
"Camel",13459
"Camel",27066803
"Camel",25453904
"Camel",36081517
"Camel",108603754
"Camel",53263316
"Camel",53263316
"Camel",91646083
"Camel",13459
"Camel",14303437
"Camel",31797915
"Camel",6653523
"Camel",5605193
"Camel",19577451
"Camel",55550632
"Camel",13459
"Camel",5605193
"Camel",5605193
"Camel",139746855
"Camel",1197228
"Camel",14303437
"Camel",40899424
"Camel",130914
"Camel",3258149
"Camel",13459
"Camel",5605193
"Camel",37765591
"Camel",132449016
"Camel",6483532
"Camel",13459
"Camel",13459
"Camel",13459
"Camel",1642758
"Camel",13459
"Camel",13459
"Camel",1197228
"Camel",41229258
"Camel",32052971
"Camel",3223705
"Camel",39075655
"Camel",19131
"Camel",2296214
"Camel",61194987
"Camel",19131
"Camel",19131
"Camel",5605193
"Camel",5605193
"Camel",5605193
"Camel",5605193
"Camel",5605193
"Camel",5605193
"Camel",5605193
"Camel",5605193
"Camel",13459
"Camel",40562482
"Camel",40562482
"Camel",1197228
"Camel",1197228
"Camel",13459
"Camel",13459
"Camel",13459
"Camel",191586202
"Camel",19131
"Camel",14303437
"Camel",43089285
"Camel",22881026
"Camel",74079924
"Camel",61194987
"Camel",73246899
"Camel",18762895
"Camel",22881026
"Camel",65750
"Camel",119011916
"Camel",5568
"Camel",13459
"Camel",13459
"Camel",145028863
"Camel",13459
"Camel",5605193
"Camel",132354743
"Camel",13459
"Camel",132354743
"Camel",13459
"Camel",5605193
"Camel",5605193
"Camel",5605193
"Camel",1637357
"Camel",13459
"Camel",13459
"Camel",13459
"Camel",13459
"Camel",13459
"Camel",5605193
"Camel",5605193
"Camel",13459
"Camel",5605193
"Camel",5605193
"Camel",13459
"Camel",13459
"Camel",5605193
"Camel",5605193
"Camel",13459
"Camel",13459
"Camel",22881026
"Camel",13459
"Camel",19131
"Camel",19131
"Camel",5605193
"Camel",19577451
"Camel",80738029
"Camel",10247075
"Camel",76395855
"Camel",13459
"Camel",5605193
"Camel",13459
"Camel",5605193
"Camel",19131
"Camel",10627150
"Camel",19452841
"Camel",13459
"Camel",19131
"Camel",5605193
"Camel",19570326
"Camel",5605193
"Camel",57171502
"Camel",14152335
"Camel",10119868
"Camel",13459
"Camel",13459
"Camel",1876669
"Camel",13494
"Camel",91095377
"Camel",11663475
"Camel",13459
"Camel",13459
"Camel",13459
"Camel",19131
"Camel",14303437
"Camel",13459
"Camel",13459
"Camel",5605193
"Camel",5605193
"Camel",19131
"Camel",32052971
"Camel",14303437
"Camel",14303437
"Camel",32052971
"Camel",5422978
"Camel",5605193
"Camel",19131
"Camel",41593032
"Camel",167998
"Camel",12757165
"Camel",1115979
"Camel",110766726
"Camel",19131
"Camel",5605193
"Camel",13459
"Camel",13459
"Camel",13459
"Camel",5605193
"Camel",5605193
"Camel",13459
"Camel",5605193
"Camel",26786441
"Camel",38739494
"Camel",97697601
"Camel",6044228
"Camel",5605193
"Camel",48205
"Camel",48205
"Camel",5605193
"Camel",167998
"Camel",17854048
"Camel",3089426
"Camel",2498221
"Camel",1194684
"Camel",25453904
"Camel",5605193
"Camel",4274142
"Camel",1197228
"Camel",13459
"Camel",5605193
"Camel",5605193
"Camel",13459
"Camel",10427924
"Camel",5605193
"Camel",5605193
"Camel",14361637
"Camel",231209924
"Camel",13459
"Camel",39613697
"Camel",5605193
"Camel",17339581
"Camel",695155
"Camel",695155
"Camel",684392
"Camel",21507186
"Camel",19669463
"Camel",83787256
"Camel",28169118
"Camel",5605193
"Camel",5605193
"Camel",14303437
"Camel",30354963
"Camel",5605193
"Camel",32020508
"Camel",5605193
"Camel",5605193
"Camel",15026398
"Camel",5605193
"Camel",81705764
"Camel",116873135
"Camel",24921295
"Camel",14303437
"Camel",167998
"Camel",188995
"Camel",11311448
"Camel",11482198
"Camel",17643394
"Camel",96930599
"Camel",11505800
"Camel",5568
"Camel",13459
"Camel",5605193
"Camel",5605193
"Camel",46078539
"Camel",14303437
"Camel",5605193
"Camel",14303437
"Camel",14303437
"Camel",13459
"Camel",13459
"Camel",5605193
"Camel",14303437
"Camel",1197228
"Camel",5605193
"Camel",34667052
"Camel",3089426
"Camel",108603693
"Camel",5605193
"Camel",13459
"Camel",13459
"Camel",13459
"Camel",13459
"Camel",13459
"Camel",13459
"Camel",13459
"Camel",6926
"Camel",7526
"Camel",13459
"Camel",13459
"Camel",13459
"Camel",13459
"Camel",13459
"Camel",13459
"Camel",13459
"Camel",48205
"Camel",9818658
"Camel",13459
"Camel",13459
"Camel",13459
"Camel",93143243
"Camel",30645898
"Camel",13459
"Camel",13459
"Camel",13459
"Camel",13459
"Camel",19131
"Camel",6483532
"Camel",6483532
"Camel",106987354
"Camel",13459
"Camel",7751427
"Camel",15962618
"Camel",47113887
"Camel",4274142
"Camel",1197228
"Camel",1197228
"Camel",1197228
"Camel",1197228
"Camel",1197228
"Camel",1197228
"Camel",1197228
"Camel",1197228
"Camel",1197228
"Camel",1197228
"Camel",1197228
"Camel",1197228
"Camel",1197228
"Camel",1197228
"Camel",1197228
"Camel",1197228
"Camel",14303437
"Camel",19131
"Camel",25888980
"Camel",85144657
"Camel",118884662
"Camel",191436465
"Camel",191436465
"Camel",48205
"Camel",13459
"Camel",13459
"Camel",14303437
"Camel",66909022
"Camel",48205
"Camel",40093036
"Camel",19131
"Camel",5605193
"Camel",13459
"Camel",13459
"Camel",5605193
"Camel",22541604
"Camel",14303437
"Camel",6147681
"Camel",13459
"Camel",6563955
"Camel",18089905
"Camel",48205
"Camel",7751427
"Camel",33197711
"Camel",1637357
"Camel",166711
"Camel",6899019
"Camel",5605193
"Camel",26432570
"Camel",13224960
"Camel",68821314
"Camel",10820492
"Camel",13459
"Camel",8204653
"Camel",10119868
"Camel",13459
"Camel",5605193
"Camel",13459
"Camel",13459
"Camel",13459
"Camel",13459
"Camel",13459
"Camel",13459
"Camel",13459
"Camel",13459
"Camel",13459
"Camel",13459
"Camel",13459
"Camel",59920522
"Camel",13459
"Camel",13459
"Camel",5605193
"Camel",14299560
"Camel",13459
"Camel",65750
"Camel",13459
"Camel",60293062
"Camel",13459
"Camel",5605193
"Camel",53263316
"Camel",194818
"Camel",52470982
"Camel",14303437
"Camel",5605193
"Camel",5605193
"Camel",5605193
"Camel",5605193
"Camel",5605193
"Camel",5605193
"Camel",237030
"Camel",4813054
"Camel",13459
"Camel",5605193
"Camel",88482388
"Camel",113096954
"Camel",13459
"Camel",36447452
"Camel",14303437
"Camel",5605193
"Camel",5605193
"Camel",5605193
"Camel",30746787
"Camel",34866622
"Camel",92185
"Camel",16199489
"Camel",15153561
"Camel",19131
"Camel",2426765
"Camel",13459
"Camel",13459
"Camel",13459
"Camel",59098056
"Camel",14303437
"Camel",6708120
"Camel",19131
"Camel",13459
"Camel",37798238
"Camel",12201323
"Camel",58230634
"Camel",30354963
"Camel",5605193
"Camel",5605193
"Camel",5605193
"Camel",5605193
"Camel",5605193
"Camel",5605193
"Camel",5605193
"Camel",5605193
"Camel",5605193
"Camel",5605193
"Camel",5605193
"Camel",5605193
"Camel",5605193
"Camel",5605193
"Camel",5605193
"Camel",5605193
"Camel",1197228
"Camel",1197228
"Camel",1197228
"Camel",48235932
"Camel",13459
"Camel",5605193
"Camel",109398651
"Camel",191442581
"Camel",13459
"Camel",21410166
"Camel",22881026
"Camel",7856061
"Camel",13459
"Camel",1197228
"Camel",13459
"Camel",6653523
"Camel",6653523
"Camel",5605193
"Camel",5605193
"Camel",14942535
"Camel",30717147
"Camel",19131
"Camel",46782562
"Camel",5605193
"Camel",92185
"Camel",13459
"Camel",18378220
"Camel",5605193
"Camel",51777424
"Camel",80738029
"Camel",5605193
"Camel",5605193
"Camel",5605193
"Camel",5605193
"Camel",5605193
"Camel",5605193
"Camel",31633254
"Camel",38739494
"Camel",104845047
"Camel",6483532
"Camel",6483532
"Camel",5605193
"Camel",1197228
"Camel",13459
"Camel",13459
"Camel",13459
"Camel",13459
"Camel",13459
"Camel",13459
"Camel",1197228
"Camel",5605193
"Camel",13459
"Camel",13459
"Camel",13459
"Camel",13459
"Camel",13459
"Camel",19131
"Camel",13459
"Camel",13459
"Camel",13459
"Camel",13459
"Camel",13459
"Camel",13459
"Camel",13459
"Camel",13459
"Camel",13459
"Camel",13459
"Camel",22881026
"Camel",13459
"Camel",13459
"Camel",13459
"Camel",10627150
"Camel",48205
"Camel",76395855
"Camel",41778573
"Camel",19131
"Camel",13459
"Camel",13459
"Camel",14303437
"Camel",19131
"Camel",19131
"Camel",13459
"Camel",5605193
"Camel",5605193
"Camel",5605193
"Camel",5605193
"Camel",5605193
"Camel",19131
"Camel",19131
"Camel",13459
"Camel",13459
"Camel",48205
"Camel",19131
"Camel",13459
"Camel",6147681
"Camel",13459
"Camel",13459
"Camel",13459
"Camel",5605193
"Camel",5605193
"Camel",13459
"Camel",13459
"Camel",13459
"Camel",13459
"Camel",5605193
"Camel",13459
"Camel",5605193
"Camel",5605193
"Camel",19131
"Camel",13459
"Camel",13459
"Camel",13459
"Camel",31045938
"Camel",1868869
"Camel",32599638
"Camel",6899019
"Camel",28450200
"Camel",5394173
"Camel",13459
"Camel",13459
"Camel",13459
"Camel",13459
"Camel",17854048
"Camel",19131
"Camel",13459
"Camel",19131
"Camel",19131
"Camel",19131
"Camel",63368001
"Camel",5605193
"Camel",5605193
"Camel",40562482
"Camel",40562482
"Camel",28949784
"Camel",30427
"Camel",10599279
"Camel",10104660
"Camel",872624
"Camel",63368001
"Camel",5605193
"Camel",13459
"Camel",6483532
"Camel",132354743
"Camel",13459
"Camel",13459
"Camel",328407
"Camel",328407
"Camel",13459
"Camel",5605193
"Camel",402478
"Camel",22881026
"Camel",5605193
"Camel",19577451
"Camel",5605193
"Camel",13494
"Camel",15249899
"Camel",13094569
"Camel",40916013
"Camel",22881026
"Camel",20457400
"Camel",79759798
"Camel",19131
"Camel",8761
"Camel",8761
"Camel",14303437
"Camel",14303437
"Camel",22881026
"Camel",2842404
"Camel",22881026
"Camel",3953514
"Camel",19820752
"Camel",22923872
"Camel",14303437
"Camel",19131
"Camel",5605193
"Camel",5605193
"Camel",5605193
"Camel",5605193
"Camel",5605193
"Camel",5605193
"Camel",5605193
"Camel",5605193
"Camel",2426765
"Camel",19131
"Camel",48205
"Camel",5605193
"Camel",13459
"Camel",14303437
"Camel",13459
"Camel",14303437
"Camel",134615433
"Camel",14303437
"Camel",13459
"Camel",14303437
"Camel",134615433
"Camel",30354963
"Camel",30354963
"Camel",19131
"Camel",30354963
"Camel",4597611
"Camel",25735446
"Camel",237030
"Camel",82203840
"Camel",82203840
"Camel",25735446
"Camel",5649010
"Camel",5605193
"Camel",38459700
"Camel",13459
"Camel",13459
"Camel",2296214
"Camel",29521348
"Camel",13459
"Camel",9158590
"Camel",13459
"Camel",25325210
"Camel",13459
"Camel",13459
"Camel",13459
"Camel",13459
"Camel",13459
"Camel",13459
"Camel",13459
"Camel",13459
"Camel",13459
"Camel",13459
"Camel",13459
"Camel",13459
"Camel",13459
"Camel",13459
"Camel",13459
"Camel",13459
"Camel",13459
"Camel",48205
"Camel",13459
"Camel",13459
"Camel",13459
"Camel",530462
"Camel",13459
"Camel",19131
"Camel",13459
"Camel",19131
"Camel",36644159
"Camel",13459
"Camel",13459
"Camel",5605193
"Camel",13459
"Camel",13459
"Camel",13459
"Camel",13459
"Camel",13459
"Camel",13459
"Camel",13459
"Camel",13459
"Camel",13459
"Camel",13459
"Camel",13459
"Camel",13459
"Camel",13459
"Camel",13459
"Camel",13459
"Camel",5605193
"Camel",13459
"Camel",13459
"Camel",13459
"Camel",14303437
"Camel",29521348
"Camel",13459
"Camel",13459
"Camel",13459
"Camel",13459
"Camel",22881026
"Camel",13459
"Camel",30554
"Camel",204821164
"Camel",1197228
"Camel",1197228
"Camel",1197228
"Camel",1197228
"Camel",1197228
"Camel",1197228
"Camel",4274142
"Camel",19131
"Camel",19131
"Camel",31633254
"Camel",32052971
"Camel",5605193
"Camel",19404912
"Camel",6483532
"Camel",5605193
"Camel",5605193
"Camel",13459
"Camel",13459
"Camel",13459
"Camel",5605193
"Camel",19577451
"Camel",5605193
"Camel",8718808
"Camel",13459
"Camel",13459
"Camel",127247
"Camel",5605193
"Camel",13459
"Camel",22881026
"Camel",146985680
"Camel",53263316
"Camel",6147681
"Camel",5605193
"Camel",13459
"Camel",5605193
"Camel",446823
"Camel",5605193
"Camel",13459
"Camel",29783205
"Camel",105705297
"Camel",9160392
"Camel",5605193
"Camel",5605193
"Camel",5605193
"Camel",13459
"Camel",13459
"Camel",5605193
"Camel",5605193
"Camel",5605193
"Camel",5605193
"Camel",13459
"Camel",8713392
"Camel",19131
"Camel",10802193
"Camel",13459
"Camel",5605193
"Camel",19570326
"Camel",80738029
"Camel",5605193
"Camel",25098099
"Camel",6483532
"Camel",253183642
"Camel",5605193
"Camel",15277816
"Camel",13459
"Camel",45398431
"Camel",22881026
"Camel",19131
"Camel",30427
"Camel",13057046
"Camel",45285609
"Camel",65344520
"Camel",87519
"Camel",12445129
"Camel",53263316
"Camel",18454962
"Camel",2269
"Camel",19577451
"Camel",64458875
"Camel",5605193
"Camel",5605193
"Camel",13459
"Camel",5605193
"Camel",13459
"Camel",5605193
"Camel",5605193
"Camel",5605193
"Camel",5605193
"Camel",5605193
"Camel",14303437
"Camel",14303437
"Camel",43861141
"Camel",58417
"Camel",13459
"Camel",5605193
"Camel",5605193
"Camel",5605193
"Camel",5605193
"Camel",2408791
"Camel",5605193
"Camel",5605193
"Camel",5605193
"Camel",2838113
"Camel",8448327
"Camel",27650985
"Camel",13459
"Camel",13459
"Camel",2749088
"Camel",5605193
"Camel",19131
"Camel",5605193
"Camel",19820752
"Camel",5605193
"Camel",25453904
"Camel",1899495
"Camel",5605193
"Camel",5605193
"Camel",13459
"Camel",5605193
"Camel",22881026
"Camel",5605193
"Camel",134615433
"Camel",27239436
"Camel",82203840
"Camel",5649010
"Camel",5605193
"Camel",5605193
"Camel",14303437
"Camel",82203840
"Camel",5605193
"Camel",5605193
"Camel",5605193
"Camel",52369027
"Camel",52369027
"Camel",6483532
"Camel",14303437
"Camel",13459
"Camel",13459
"Camel",13459
"Camel",13459
"Camel",13459
"Camel",13459
"Camel",13459
"Camel",16897803
"Camel",13459
"Camel",13459
"Camel",13459
"Camel",13459
"Camel",13459
"Camel",13459
"Camel",13459
"Camel",13459
"Camel",13459
"Camel",13459
"Camel",13459
"Camel",13459
"Camel",13459
"Camel",13459
"Camel",13459
"Camel",13459
"Camel",13459
"Camel",13459
"Camel",13459
"Camel",13459
"Camel",13459
"Camel",13459
"Camel",13459
"Camel",13459
"Camel",13459
"Camel",13459
"Camel",13459
"Camel",13459
"Camel",13459
"Camel",13459
"Camel",13459
"Camel",13459
"Camel",13459
"Camel",13459
"Camel",13459
"Camel",13459
"Camel",13459
"Camel",13459
"Camel",13459
"Camel",13459
"Camel",13459
"Camel",13459
"Camel",13459
"Camel",13459
"Camel",13459
"Camel",13459
"Camel",13459
"Camel",13459
"Camel",13459
"Camel",13459
"Camel",13459
"Camel",13459
"Camel",13459
"Camel",13459
"Camel",13459
"Camel",19975419
"Camel",13459
"Camel",13459
"Camel",13459
"Camel",48205
"Camel",13459
"Camel",48205
"Camel",13459
"Camel",13459
"Camel",13459
"Camel",9818658
"Camel",13459
"Camel",184970
"Camel",13459
"Camel",19131
"Camel",530462
"Camel",13459
"Camel",19131
"Camel",20741190
"Camel",8552
"Camel",48205
"Camel",13459
"Camel",6874983
"Camel",5605193
"Camel",13224960
"Camel",19131
"Camel",13459
"Camel",13459
"Camel",13459
"Camel",13459
"Camel",5605193
"Camel",13459
"Camel",100702587
"Camel",13459
"Camel",13459
"Camel",13459
"Camel",13459
"Camel",13459
"Camel",13459
"Camel",13459
"Camel",13459
"Camel",13459
"Camel",13459
"Camel",13459
"Camel",13459
"Camel",13459
"Camel",13459
"Camel",13459
"Camel",13459
"Camel",13459
"Camel",13459
"Camel",13459
"Camel",13459
"Camel",13459
"Camel",13459
"Camel",5605193
"Camel",22881026
"Camel",5605193
"Camel",39054
"Camel",13459
"Camel",13459
"Camel",5605193
"Camel",5605193
"Camel",13459
"Camel",13459
"Camel",13459
"Camel",13459
"Camel",13459
"Camel",13459
"Camel",13459
"Camel",193632
"Camel",13459
"Camel",13459
"Camel",5605193
"Camel",13459
"Camel",130914
"Camel",13459
"Camel",39075655
"Camel",13459
"Camel",13459
"Camel",13459
"Camel",13459
"Camel",13459
"Camel",13459
"Camel",13459
"Camel",25098099
"Camel",21410166
"Camel",90513836
"Camel",48205
"Camel",10247075
"Camel",1868869
"Camel",48982646
"Camel",14303437
"Camel",19131
"Camel",13459
"Camel",13459
"Camel",13885436
"Camel",13459
"Camel",13459
"Camel",53595727
"Camel",5605193
"Camel",5605193
"Camel",19570326
"Camel",19577451
"Camel",5605193
"Camel",5605193
"Camel",13459
"Camel",5605193
"Camel",5605193
"Camel",90513836
"Camel",79759798
"Camel",5605193
"Camel",22541604
"Camel",13459
"Camel",5605193
"Camel",48205
"Camel",48205
"Camel",1320795
"Camel",48205
"Camel",48205
"Camel",48205
"Camel",5605193
"Camel",71236150
"Camel",65196686
"Camel",19131
"Camel",19131
"Camel",5605193
"Camel",5605193
"Camel",5207168
"Camel",4274142
"Camel",1194684
"Camel",19131
"Camel",22881026
"Camel",61872052
"Camel",13459
"Camel",61872052
"Camel",19131
"Camel",39844499
"Camel",1197228
"Camel",5605193
"Camel",13459
"Camel",5605193
"Camel",5605193
"Camel",25453904
"Camel",25453904
"Camel",25453904
"Camel",13459
"Camel",204821164
"Camel",1197228
"Camel",1197228
"Camel",40562482
"Camel",13459
"Camel",13459
"Camel",13459
"Camel",13459
"Camel",1197228
"Camel",13459
"Camel",13459
"Camel",1197228
"Camel",1197228
"Camel",1197228
"Camel",1197228
"Camel",1197228
"Camel",5605193
"Camel",5605193
"Camel",1197228
"Camel",1197228
"Camel",1197228
"Camel",5605193
"Camel",5605193
"Camel",5605193
"Camel",5605193
"Camel",204667469
"Camel",1197228
"Camel",4274142
"Camel",4274142
"Camel",1197228
"Camel",1197228
"Camel",5605193
"Camel",5605193
"Camel",5605193
"Camel",1197228
"Camel",5605193
"Camel",26670301
"Camel",191680886
"Camel",6483532
"Camel",192464370
"Camel",13459
"Camel",1197228
"Camel",1197228
"Camel",14303437
"Camel",22881026
"Camel",13459
"Camel",1197228
"Camel",1197228
"Camel",5605193
"Camel",53263316
"Camel",6708120
"Camel",40170573
"Camel",19131
"Camel",6708120
"Camel",1197228
"Camel",1197228
"Camel",19577451
"Camel",1197228
"Camel",1197228
"Camel",1197228
"Camel",5605193
"Camel",19131
"Camel",14303437
"Camel",13459
"Camel",1197228
"Camel",5605193
"Camel",5605193
"Camel",5605193
"Camel",85144657
"Camel",10627150
"Camel",13459
"Camel",13459
"Camel",5605193
"Camel",30746787
"Camel",13459
"Camel",154665
"Camel",1640316
"Camel",12529168
"Camel",1642758
"Camel",1642758
"Camel",55550632
"Camel",5605193
"Camel",28450200
"Camel",55550632
"Camel",55550632
"Camel",55550632
"Camel",74356700
"Camel",34397656
"Camel",26565260
"Camel",75301906
"Camel",3992476
"Camel",1543264
"Camel",13459
"Camel",15646818
"Camel",13459
"Camel",929792
"Camel",13459
"Camel",13459
"Camel",21873985
"Camel",19812123
"Camel",19812123
"Camel",19131
"Camel",19131
"Camel",19131
