"project_name","epoch_time_to_remove"
"Gerrit",74432340
"Gerrit",16956591
"Gerrit",16431370
"Gerrit",5127522
"Gerrit",588322
"Gerrit",6372231
"Gerrit",8726203
"Gerrit",9244729
"Gerrit",22488663
"Gerrit",52565938
"Gerrit",17544991
"Gerrit",102944448
"Gerrit",5127522
"Gerrit",16431370
"Gerrit",4750513
"Gerrit",34148525
"Gerrit",34148525
"Gerrit",16956591
"Gerrit",91217302
"Gerrit",149569346
"Gerrit",5811878
"Gerrit",78658392
"Gerrit",48454946
"Gerrit",420120
"Gerrit",2682773
"Gerrit",2279237
"Gerrit",7622268
"Gerrit",150460677
"Gerrit",24719665
"Gerrit",70748278
"Gerrit",12117034
"Gerrit",3184262
"Gerrit",13391579
"Gerrit",708933
"Gerrit",25414181
"Gerrit",34148525
"Gerrit",188194871
"Gerrit",112221430
"Gerrit",16431370
"Gerrit",109013640
"Gerrit",181916125
"Gerrit",11600014
"Gerrit",74432340
"Gerrit",131657092
"Gerrit",34136282
"Gerrit",222351976
"Gerrit",70607438
"Gerrit",2682773
"Gerrit",8726203
"Gerrit",61571
"Gerrit",673645
"Gerrit",71515392
"Gerrit",16431370
"Gerrit",673645
"Gerrit",5811878
"Gerrit",2664872
"Gerrit",2154232
"Gerrit",318219
"Gerrit",2662491
