"project_name","epoch_time_to_remove"
"Hadoop",3603533
"Hadoop",92630162
"Hadoop",44241949
"Hadoop",22376113
"Hadoop",5738133
"Hadoop",4668373
"Hadoop",4457206
"Hadoop",65250239
"Hadoop",365132
"Hadoop",6128906
"Hadoop",4601831
"Hadoop",68305701
"Hadoop",3902953
"Hadoop",3902953
"Hadoop",5944632
"Hadoop",452394
"Hadoop",376214
"Hadoop",361975
"Hadoop",84709658
"Hadoop",14634786
"Hadoop",12695617
"Hadoop",11657135
"Hadoop",1867068
"Hadoop",4668373
"Hadoop",4401237
"Hadoop",3902953
"Hadoop",11657135
"Hadoop",2319567
"Hadoop",99581648
"Hadoop",19308475
"Hadoop",13740663
"Hadoop",35881967
"Hadoop",42803676
"Hadoop",5309711
"Hadoop",2321192
"Hadoop",99581648
"Hadoop",1829827
"Hadoop",19861429
"Hadoop",44241949
"Hadoop",20763692
"Hadoop",19099870
"Hadoop",249582
"Hadoop",4823385
"Hadoop",12212148
"Hadoop",28796088
"Hadoop",56081689
"Hadoop",123866694
"Hadoop",18846873
"Hadoop",926789
"Hadoop",11657135
"Hadoop",24804623
"Hadoop",2226044
"Hadoop",2206721
"Hadoop",18392459
"Hadoop",11196831
"Hadoop",14664777
"Hadoop",44241949
"Hadoop",376214
"Hadoop",4137384
"Hadoop",13740663
"Hadoop",37587539
"Hadoop",5921481
"Hadoop",46332034
"Hadoop",2206721
"Hadoop",5615976
"Hadoop",4700459
"Hadoop",13389885
"Hadoop",32237469
"Hadoop",4764499
"Hadoop",3941816
"Hadoop",80123916
"Hadoop",44241949
"Hadoop",814779
"Hadoop",35881967
"Hadoop",55142150
"Hadoop",7615365
"Hadoop",99581648
"Hadoop",21306
"Hadoop",54455824
"Hadoop",54455824
"Hadoop",99061594
"Hadoop",35881967
"Hadoop",96231684
"Hadoop",10424113
"Hadoop",44241949
"Hadoop",35881967
"Hadoop",35881967
"Hadoop",35881967
"Hadoop",99581648
"Hadoop",35881967
"Hadoop",99581648
"Hadoop",38456575
"Hadoop",99581648
"Hadoop",99581648
"Hadoop",63680920
"Hadoop",2096336
"Hadoop",44241949
"Hadoop",17718597
"Hadoop",4113531
"Hadoop",85595125
"Hadoop",54455824
"Hadoop",83532794
"Hadoop",65250239
"Hadoop",5944632
"Hadoop",2156988
"Hadoop",3959921
"Hadoop",38456575
"Hadoop",62040974
"Hadoop",3819121
"Hadoop",3938682
"Hadoop",2934762
"Hadoop",50332609
"Hadoop",35881967
"Hadoop",129331260
"Hadoop",41071067
"Hadoop",97273134
"Hadoop",44241949
"Hadoop",44241949
"Hadoop",35881967
"Hadoop",99581648
"Hadoop",99581648
"Hadoop",84882437
"Hadoop",32719239
"Hadoop",99581648
"Hadoop",85595125
"Hadoop",35881967
"Hadoop",99581648
"Hadoop",35881967
"Hadoop",44236302
"Hadoop",84882437
"Hadoop",99581648
"Hadoop",35881967
"Hadoop",38456575
"Hadoop",99581648
"Hadoop",84882437
"Hadoop",35881967
"Hadoop",93211474
"Hadoop",35881967
"Hadoop",55142150
"Hadoop",38456575
"Hadoop",54455824
"Hadoop",99581648
"Hadoop",99581648
"Hadoop",83532794
"Hadoop",44241949
"Hadoop",99581648
"Hadoop",44241949
"Hadoop",13508496
"Hadoop",11657135
"Hadoop",38566946
"Hadoop",35881967
"Hadoop",85595125
"Hadoop",44241949
"Hadoop",24515429
"Hadoop",44241949
"Hadoop",66897698
"Hadoop",632870
"Hadoop",5304591
"Hadoop",25758587
"Hadoop",3504937
"Hadoop",1975462
"Hadoop",53506382
"Hadoop",138907468
"Hadoop",21961629
"Hadoop",3504937
"Hadoop",3504937
"Hadoop",6128906
"Hadoop",90665127
"Hadoop",41987648
"Hadoop",1840750
"Hadoop",1840750
"Hadoop",38789705
"Hadoop",24868154
"Hadoop",486464
"Hadoop",2206721
"Hadoop",48503481
"Hadoop",36017335
"Hadoop",34756185
"Hadoop",588528
"Hadoop",2916409
"Hadoop",32383972
"Hadoop",12408180
"Hadoop",20763692
"Hadoop",44241949
"Hadoop",2319567
"Hadoop",2319567
"Hadoop",2319567
"Hadoop",59732586
"Hadoop",44241949
"Hadoop",1629230
"Hadoop",349668
"Hadoop",4113531
"Hadoop",35881967
"Hadoop",38039281
"Hadoop",13389885
"Hadoop",54455824
"Hadoop",35881967
"Hadoop",35881967
"Hadoop",55142150
"Hadoop",8782258
"Hadoop",13389885
"Hadoop",35881967
"Hadoop",35881967
"Hadoop",35881967
"Hadoop",35881967
"Hadoop",44241949
"Hadoop",99581648
"Hadoop",24189027
"Hadoop",7345711
"Hadoop",607792
"Hadoop",30327205
"Hadoop",3902953
"Hadoop",5631284
"Hadoop",84945308
"Hadoop",11852673
"Hadoop",3169379
"Hadoop",10730757
"Hadoop",44241949
"Hadoop",35881967
"Hadoop",49094349
"Hadoop",62386886
"Hadoop",38039281
"Hadoop",38039281
"Hadoop",85595125
"Hadoop",99061594
"Hadoop",85595125
"Hadoop",55142150
"Hadoop",17100005
"Hadoop",11081370
"Hadoop",607792
"Hadoop",71041
"Hadoop",11076126
"Hadoop",3504937
"Hadoop",11888562
"Hadoop",5309711
"Hadoop",54455824
"Hadoop",54455824
"Hadoop",38566946
"Hadoop",21066509
"Hadoop",632870
"Hadoop",20156656
"Hadoop",99581648
"Hadoop",10093790
"Hadoop",1867068
"Hadoop",5944632
"Hadoop",13389885
"Hadoop",47614657
"Hadoop",83532794
"Hadoop",83532794
"Hadoop",83532794
"Hadoop",48244026
"Hadoop",44241949
"Hadoop",1867068
"Hadoop",33641813
"Hadoop",40250963
"Hadoop",40250963
"Hadoop",44241949
"Hadoop",4137384
"Hadoop",4382043
"Hadoop",26414564
"Hadoop",69533
"Hadoop",2976866
"Hadoop",44241949
"Hadoop",43427313
"Hadoop",20156656
"Hadoop",2319567
"Hadoop",433637
"Hadoop",84882437
"Hadoop",92630162
"Hadoop",11878746
"Hadoop",11877624
"Hadoop",7603119
"Hadoop",1776745
"Hadoop",38456575
"Hadoop",35881967
"Hadoop",99061594
"Hadoop",35881967
"Hadoop",16537259
"Hadoop",20156656
"Hadoop",2319567
"Hadoop",35881967
"Hadoop",2231565
"Hadoop",35881967
"Hadoop",35881967
"Hadoop",65250239
"Hadoop",44241949
"Hadoop",3504937
"Hadoop",3504937
"Hadoop",13740663
"Hadoop",44241949
"Hadoop",13740663
"Hadoop",2319567
"Hadoop",1867068
"Hadoop",20763692
"Hadoop",11657135
"Hadoop",40250963
"Hadoop",24804623
"Hadoop",13389885
"Hadoop",123866694
"Hadoop",60679800
"Hadoop",99373889
"Hadoop",55142150
"Hadoop",38456575
"Hadoop",12870975
"Hadoop",35881967
"Hadoop",84882437
"Hadoop",35881967
"Hadoop",35881967
"Hadoop",99581648
"Hadoop",83532794
"Hadoop",8890624
"Hadoop",100148941
"Hadoop",84348822
"Hadoop",44241949
"Hadoop",51169793
"Hadoop",62114378
"Hadoop",119623772
"Hadoop",37619071
"Hadoop",11999827
"Hadoop",3392370
"Hadoop",40250963
"Hadoop",7759912
"Hadoop",1653146
"Hadoop",22434872
"Hadoop",3504937
"Hadoop",3504937
"Hadoop",71297507
"Hadoop",2319567
"Hadoop",13740663
"Hadoop",25040285
"Hadoop",2330643
"Hadoop",2687554
"Hadoop",4580986
"Hadoop",7341438
"Hadoop",44241949
"Hadoop",44241949
"Hadoop",44241949
"Hadoop",71041
"Hadoop",10860431
"Hadoop",21031510
"Hadoop",44241949
"Hadoop",8401327
"Hadoop",64837062
"Hadoop",13740663
"Hadoop",9849451
"Hadoop",13740663
"Hadoop",44241949
"Hadoop",20187164
"Hadoop",35881967
"Hadoop",588528
"Hadoop",35881967
"Hadoop",1307477
"Hadoop",11888562
"Hadoop",19627289
"Hadoop",38566946
"Hadoop",44241949
