"project_name","epoch_time_to_remove"
"Gerrit",8649835
"Gerrit",37395
"Gerrit",673537
"Gerrit",243561
"Gerrit",243561
"Gerrit",6665885
"Gerrit",927582
"Gerrit",613533
"Gerrit",676291
"Gerrit",4767814
"Gerrit",668607
"Gerrit",403308
"Gerrit",927582
"Gerrit",867
"Gerrit",2620298
"Gerrit",4653627
"Gerrit",516785
"Gerrit",765638
"Gerrit",941176
"Gerrit",22465763
"Gerrit",927582
"Gerrit",927582
"Gerrit",2459
"Gerrit",72511
"Gerrit",927582
"Gerrit",4061285
"Gerrit",3682
"Gerrit",4375711
"Gerrit",927582
"Gerrit",927582
"Gerrit",927582
"Gerrit",927582
"Gerrit",927582
"Gerrit",927582
"Gerrit",1195777
"Gerrit",22729635
"Gerrit",3545762
"Gerrit",4159650
"Gerrit",22263837
"Gerrit",2620298
"Gerrit",927582
"Gerrit",57259426
"Gerrit",927582
"Gerrit",5076462
"Gerrit",927582
"Gerrit",927582
"Gerrit",1041253
"Gerrit",177
"Gerrit",212075
"Gerrit",927582
"Gerrit",57937
"Gerrit",972062
"Gerrit",676291
"Gerrit",1346051
"Gerrit",167122
"Gerrit",1195777
"Gerrit",72511
"Gerrit",739795
"Gerrit",3881839
"Gerrit",668607
"Gerrit",157579
"Gerrit",927582
"Gerrit",927582
"Gerrit",1120779
"Gerrit",516785
"Gerrit",63142
"Gerrit",45008644
"Gerrit",777177
"Gerrit",927582
"Gerrit",1120779
"Gerrit",341289
"Gerrit",4653627
"Gerrit",4890452
"Gerrit",14843545
"Gerrit",927582
"Gerrit",803987
"Gerrit",21173433
"Gerrit",85738548
"Gerrit",43658952
"Gerrit",11799184
"Gerrit",1848660
"Gerrit",927582
"Gerrit",927582
"Gerrit",927582
"Gerrit",927582
"Gerrit",927582
"Gerrit",927582
"Gerrit",927582
"Gerrit",927582
"Gerrit",927582
"Gerrit",11799184
"Gerrit",927582
"Gerrit",927582
"Gerrit",932643
"Gerrit",2870665
"Gerrit",2409893
"Gerrit",5099773
"Gerrit",57937
"Gerrit",927582
"Gerrit",927582
"Gerrit",14843545
"Gerrit",765638
"Gerrit",7772673
"Gerrit",927582
"Gerrit",927582
"Gerrit",1041253
"Gerrit",927582
"Gerrit",765638
"Gerrit",927582
"Gerrit",449
"Gerrit",4138472
"Gerrit",927582
"Gerrit",1346051
"Gerrit",23259123
"Gerrit",927582
"Gerrit",21525462
"Gerrit",2353741
"Gerrit",765638
"Gerrit",1439703
"Gerrit",212075
"Gerrit",3184
"Gerrit",4767814
"Gerrit",59366233
"Gerrit",243561
"Gerrit",212075
"Gerrit",63142
"Gerrit",442199
"Gerrit",403308
"Gerrit",927582
"Gerrit",177
"Gerrit",403308
"Gerrit",90719
"Gerrit",1737
"Gerrit",927582
"Gerrit",90719
"Gerrit",212075
"Gerrit",927582
"Gerrit",500248
"Gerrit",43184069
"Gerrit",403308
"Gerrit",157579
"Gerrit",37395
"Gerrit",442199
"Gerrit",54552508
"Gerrit",927582
"Gerrit",60055
"Gerrit",96060
"Gerrit",2667615
"Gerrit",2790758
