"project_name","epoch_time_to_remove"
"Tomcat",15463467
"Tomcat",761
"Tomcat",3400367
"Tomcat",53750126
"Tomcat",53827
"Tomcat",761
"Tomcat",45479806
"Tomcat",12
"Tomcat",769113
"Tomcat",42781
"Tomcat",11200848
"Tomcat",8198
"Tomcat",81510
"Tomcat",3359
"Tomcat",81510
"Tomcat",3359
"Tomcat",81510
"Tomcat",81510
"Tomcat",20450
"Tomcat",3
"Tomcat",182760
"Tomcat",13912106
"Tomcat",519031
"Tomcat",9994738
"Tomcat",35927106
"Tomcat",15463467
"Tomcat",761
"Tomcat",47380176
"Tomcat",26090
"Tomcat",264788
"Tomcat",728
"Tomcat",728
"Tomcat",728
"Tomcat",81510
"Tomcat",728
"Tomcat",131344
"Tomcat",693359
"Tomcat",23328043
"Tomcat",47497
"Tomcat",3922050
"Tomcat",1731418
"Tomcat",9994738
"Tomcat",15463436
"Tomcat",35927106
"Tomcat",161946061
"Tomcat",35927106
"Tomcat",761
"Tomcat",717758
"Tomcat",20010149
"Tomcat",11738255
"Tomcat",15463357
"Tomcat",602126
"Tomcat",23235316
"Tomcat",15462831
"Tomcat",3699763
"Tomcat",20010149
"Tomcat",23432619
"Tomcat",6993378
"Tomcat",761
"Tomcat",51603390
"Tomcat",5879493
"Tomcat",9903020
"Tomcat",431559
"Tomcat",1981900
"Tomcat",67026
"Tomcat",1731418
"Tomcat",2688092
"Tomcat",761
"Tomcat",1731418
"Tomcat",1688379
"Tomcat",106377
"Tomcat",23432619
"Tomcat",761
"Tomcat",761
"Tomcat",1429818
"Tomcat",277530
"Tomcat",9132366
"Tomcat",3023660
"Tomcat",2914633
"Tomcat",64689253
"Tomcat",3359
"Tomcat",728
"Tomcat",273722
"Tomcat",47497
"Tomcat",97333959
"Tomcat",606685
"Tomcat",343724
"Tomcat",2739094
"Tomcat",176116
"Tomcat",260694
"Tomcat",176116
"Tomcat",35927106
"Tomcat",35927106
"Tomcat",761
"Tomcat",742953
"Tomcat",1777141
"Tomcat",20010248
"Tomcat",111515426
"Tomcat",1121
"Tomcat",59052766
"Tomcat",4405454
"Tomcat",308989182
"Tomcat",4731
"Tomcat",609399
"Tomcat",61787
"Tomcat",17860371
"Tomcat",76248
"Tomcat",3359
"Tomcat",35927106
"Tomcat",761
"Tomcat",9132366
"Tomcat",37668
"Tomcat",2352921
"Tomcat",69020808
"Tomcat",86228331
"Tomcat",5929966
"Tomcat",35927106
"Tomcat",761
"Tomcat",717758
"Tomcat",9903020
"Tomcat",422
"Tomcat",26489
"Tomcat",717758
"Tomcat",139681
"Tomcat",23950
"Tomcat",1466361
"Tomcat",5004400
"Tomcat",35927106
"Tomcat",3359
"Tomcat",1119808
"Tomcat",42
"Tomcat",75291
"Tomcat",2957
"Tomcat",95419
"Tomcat",31582
"Tomcat",39
"Tomcat",9994738
"Tomcat",15463357
"Tomcat",106377
"Tomcat",23432619
"Tomcat",761
"Tomcat",19977562
"Tomcat",80347944
"Tomcat",8116
"Tomcat",168807
"Tomcat",308989182
"Tomcat",497003
"Tomcat",89427
"Tomcat",242392
"Tomcat",3359
"Tomcat",3045867
"Tomcat",2425134
"Tomcat",15463467
"Tomcat",35927106
"Tomcat",16439241
"Tomcat",9903020
"Tomcat",761
"Tomcat",693359
"Tomcat",8015697
"Tomcat",23432619
"Tomcat",82919118
"Tomcat",5
"Tomcat",3763
"Tomcat",606966
"Tomcat",89621213
"Tomcat",8187676
"Tomcat",7406800
"Tomcat",693359
"Tomcat",25342192
"Tomcat",15463467
"Tomcat",23432619
"Tomcat",17724173
"Tomcat",181969
"Tomcat",36646149
"Tomcat",595940
"Tomcat",3359
"Tomcat",3359
"Tomcat",9132366
"Tomcat",611932
"Tomcat",1429818
"Tomcat",25498364
"Tomcat",761
"Tomcat",19977562
"Tomcat",717758
"Tomcat",717758
"Tomcat",6223813
"Tomcat",79090
"Tomcat",1629
"Tomcat",103348
"Tomcat",13914560
"Tomcat",40425729
"Tomcat",15463467
"Tomcat",761
"Tomcat",693359
"Tomcat",157140919
"Tomcat",106377
"Tomcat",1076965
"Tomcat",4041633
"Tomcat",621
"Tomcat",14247711
"Tomcat",519031
"Tomcat",4
"Tomcat",61227
"Tomcat",127010045
"Tomcat",187173
"Tomcat",11137925
"Tomcat",527839
"Tomcat",224210
"Tomcat",7949664
"Tomcat",7949664
"Tomcat",3611891
"Tomcat",65206501
"Tomcat",3359
"Tomcat",17388863
"Tomcat",63347
"Tomcat",8211
"Tomcat",23555
"Tomcat",2739094
"Tomcat",15466003
"Tomcat",14247711
"Tomcat",35927106
"Tomcat",23432619
"Tomcat",23432619
"Tomcat",761
"Tomcat",761
"Tomcat",20010149
"Tomcat",40
"Tomcat",63347
"Tomcat",22575947
"Tomcat",761
"Tomcat",37152
"Tomcat",761
"Tomcat",1771
"Tomcat",79366761
"Tomcat",26696423
"Tomcat",92409803
"Tomcat",21433240
"Tomcat",769113
"Tomcat",168807
"Tomcat",27402461
"Tomcat",519031
"Tomcat",16439241
"Tomcat",35927106
"Tomcat",15451
"Tomcat",1874847
"Tomcat",3491228
"Tomcat",250036
"Tomcat",1730968
"Tomcat",9050297
"Tomcat",1731418
"Tomcat",519031
"Tomcat",326016
"Tomcat",12691534
"Tomcat",271451
"Tomcat",1474275
"Tomcat",1882226
"Tomcat",50061
"Tomcat",8660
"Tomcat",28011
"Tomcat",26784643
"Tomcat",547
"Tomcat",32044051
"Tomcat",1319
"Tomcat",298737
"Tomcat",20539401
"Tomcat",233569
"Tomcat",6717832
"Tomcat",9622
"Tomcat",65206501
"Tomcat",41490825
"Tomcat",70
"Tomcat",3649260
"Tomcat",5357727
"Tomcat",25327
"Tomcat",41
"Tomcat",5692
"Tomcat",12405
"Tomcat",167903
"Tomcat",5262100
"Tomcat",559726
"Tomcat",9792417
"Tomcat",37668
"Tomcat",1520095
"Tomcat",28125226
"Tomcat",3127569
"Tomcat",32333680
"Tomcat",38922933
"Tomcat",608238
"Tomcat",704
"Tomcat",497003
"Tomcat",6120004
"Tomcat",839601
"Tomcat",39733
"Tomcat",3351026
"Tomcat",519031
"Tomcat",519031
"Tomcat",3359
"Tomcat",1731418
"Tomcat",4796
"Tomcat",559726
"Tomcat",47497
"Tomcat",7758790
"Tomcat",259896
"Tomcat",25498407
"Tomcat",35927106
"Tomcat",3699763
"Tomcat",15462831
"Tomcat",6993378
"Tomcat",23432619
"Tomcat",23432619
"Tomcat",23432619
"Tomcat",23432619
"Tomcat",23432619
"Tomcat",256881
"Tomcat",106377
"Tomcat",761
"Tomcat",761
"Tomcat",761
"Tomcat",761
"Tomcat",761
"Tomcat",761
"Tomcat",20010149
"Tomcat",2425134
"Tomcat",253847
"Tomcat",19151865
"Tomcat",2221
"Tomcat",4405454
"Tomcat",22370
"Tomcat",3016
"Tomcat",95482
"Tomcat",11207428
"Tomcat",582
"Tomcat",1233
"Tomcat",10245
"Tomcat",11589
"Tomcat",2279990
"Tomcat",1584
"Tomcat",1773819
"Tomcat",6100813
"Tomcat",28093
"Tomcat",13914560
"Tomcat",1777141
"Tomcat",693359
"Tomcat",1731418
"Tomcat",3359
"Tomcat",728
"Tomcat",728
"Tomcat",3351026
"Tomcat",372098
"Tomcat",6662
"Tomcat",7869984
"Tomcat",35927106
"Tomcat",15463467
"Tomcat",15463357
"Tomcat",15463357
"Tomcat",761
"Tomcat",761
"Tomcat",717758
"Tomcat",791009
"Tomcat",143371
"Tomcat",761
"Tomcat",761
"Tomcat",761
"Tomcat",565550
"Tomcat",3359
"Tomcat",11137925
"Tomcat",3284791
"Tomcat",23432619
"Tomcat",23432619
"Tomcat",761
"Tomcat",717758
"Tomcat",717758
"Tomcat",14099042
"Tomcat",677
"Tomcat",8922675
"Tomcat",1526332
"Tomcat",8193474
"Tomcat",23555
"Tomcat",3381
"Tomcat",2600
"Tomcat",90992
"Tomcat",23617
"Tomcat",17206730
"Tomcat",23617
"Tomcat",25928243
"Tomcat",15189173
"Tomcat",25223102
"Tomcat",93776203
"Tomcat",4438
"Tomcat",2181
"Tomcat",79090
"Tomcat",298737
"Tomcat",47247588
"Tomcat",596287
"Tomcat",8730277
"Tomcat",9633212
"Tomcat",85766279
"Tomcat",1624875
"Tomcat",309283975
"Tomcat",572
"Tomcat",309108768
"Tomcat",65206501
"Tomcat",2806
"Tomcat",6057188
"Tomcat",83297
"Tomcat",73788
"Tomcat",431559
"Tomcat",7534053
"Tomcat",1041214
"Tomcat",1041214
"Tomcat",1947109
"Tomcat",2197
"Tomcat",1726
"Tomcat",5357727
"Tomcat",9849275
"Tomcat",9621827
"Tomcat",1692503
"Tomcat",4405454
"Tomcat",7694960
"Tomcat",261001
"Tomcat",4740878
"Tomcat",9050297
"Tomcat",46199
"Tomcat",361834
"Tomcat",361834
"Tomcat",9057342
"Tomcat",544119
"Tomcat",9329
"Tomcat",2547
"Tomcat",20060
"Tomcat",26090
"Tomcat",3941774
"Tomcat",7949664
"Tomcat",264788
"Tomcat",12969965
"Tomcat",190981
"Tomcat",530617
"Tomcat",228986
"Tomcat",7758790
"Tomcat",10184091
"Tomcat",2082224
"Tomcat",519031
"Tomcat",1731418
"Tomcat",1843
"Tomcat",64689253
"Tomcat",46751447
"Tomcat",161147
"Tomcat",19443
"Tomcat",1134540
"Tomcat",7878026
"Tomcat",91512
"Tomcat",3367806
"Tomcat",17388863
"Tomcat",1074590
"Tomcat",308989182
"Tomcat",8187676
"Tomcat",839601
"Tomcat",5461
"Tomcat",5461
"Tomcat",31582
"Tomcat",1786030
"Tomcat",480628
"Tomcat",693359
"Tomcat",693359
"Tomcat",611932
"Tomcat",693359
"Tomcat",693359
"Tomcat",4044385
"Tomcat",30661
"Tomcat",519031
"Tomcat",519031
"Tomcat",1731418
"Tomcat",1731418
"Tomcat",1731418
"Tomcat",519031
"Tomcat",519031
"Tomcat",9833832
"Tomcat",3359
"Tomcat",728
"Tomcat",81510
"Tomcat",3359
"Tomcat",12100
"Tomcat",40264
"Tomcat",2742
"Tomcat",59004
"Tomcat",1730741
"Tomcat",728
"Tomcat",81510
"Tomcat",1730741
"Tomcat",4048
"Tomcat",44
"Tomcat",16019886
"Tomcat",251189
"Tomcat",3604
"Tomcat",251189
"Tomcat",510
"Tomcat",251189
"Tomcat",251224
"Tomcat",3381
"Tomcat",15459764
"Tomcat",65206501
"Tomcat",1636402
"Tomcat",1636402
"Tomcat",3432344
"Tomcat",34447189
"Tomcat",436925
"Tomcat",260694
"Tomcat",436925
"Tomcat",129959
"Tomcat",1429818
"Tomcat",39
"Tomcat",1429818
"Tomcat",600388
"Tomcat",1679095
"Tomcat",1429818
"Tomcat",1429818
"Tomcat",1237175
"Tomcat",519031
"Tomcat",25498407
"Tomcat",775177
"Tomcat",519031
"Tomcat",35927284
"Tomcat",10828525
"Tomcat",10828525
"Tomcat",35927106
"Tomcat",15463467
"Tomcat",15463467
"Tomcat",15463357
"Tomcat",35927106
"Tomcat",15463467
"Tomcat",35927106
"Tomcat",35927106
"Tomcat",35927106
"Tomcat",35927106
"Tomcat",35927106
"Tomcat",23432619
"Tomcat",35927106
"Tomcat",23432619
"Tomcat",23432619
"Tomcat",35927106
"Tomcat",23432619
"Tomcat",23432619
"Tomcat",23432619
"Tomcat",106377
"Tomcat",761
"Tomcat",761
"Tomcat",761
"Tomcat",761
"Tomcat",761
"Tomcat",761
"Tomcat",761
"Tomcat",761
"Tomcat",761
"Tomcat",761
"Tomcat",761
"Tomcat",693359
"Tomcat",20010248
"Tomcat",693359
"Tomcat",20010149
"Tomcat",6993378
"Tomcat",6993378
"Tomcat",717758
"Tomcat",717758
"Tomcat",6993378
"Tomcat",761
"Tomcat",1731418
"Tomcat",4796
"Tomcat",26489
"Tomcat",1907834
"Tomcat",1731418
"Tomcat",544119
"Tomcat",20010039
"Tomcat",35927106
"Tomcat",761
"Tomcat",39514267
"Tomcat",3145682
"Tomcat",1409
"Tomcat",782964
